0,0.11112,0.0529325,0.596121,0.317677 0 11
0.01,0.221303,0.0529618,0.596116,0.31768 0 11
0.02,0.33069,0.053019,0.596107,0.317686 0 11
0.03,0.439422,0.0531027,0.596093,0.317696 0 11
0.04,0.547634,0.0532117,0.596075,0.317708 0 11
0.05,0.655461,0.0533449,0.596053,0.317723 0 11
0.06,0.763036,0.0535013,0.596025,0.317742 0 11
0.07,0.870489,0.05368,0.595994,0.317764 0 11
0.08,0.977951,0.0538801,0.595957,0.317788 0 11
0.09,1.08555,0.0541009,0.595916,0.317816 0 11
0.1,1.19341,0.0543417,0.595871,0.317847 0 11
0.11,1.30167,0.0546019,0.595821,0.317881 0 11
0.12,1.41044,0.054881,0.595766,0.317918 0 11
0.13,1.51986,0.0551784,0.595707,0.317958 0 11
0.14,1.63006,0.0554939,0.595643,0.318001 0 11
0.15,1.74116,0.0558271,0.595574,0.318047 0 11
0.16,1.85329,0.0561777,0.5955,0.318097 0 11
0.17,1.96658,0.0565454,0.595422,0.31815 0 11
0.18,2.08117,0.0569302,0.595338,0.318206 0 11
0.19,2.19718,0.057332,0.59525,0.318266 0 11
0.2,2.31476,0.0577506,0.595156,0.318329 0 11
0.21,2.43404,0.0581861,0.595057,0.318395 0 11
0.22,2.55515,0.0586386,0.594953,0.318465 0 11
0.23,2.67825,0.0591082,0.594843,0.318539 0 11
0.24,2.80347,0.059595,0.594727,0.318616 0 11
0.25,2.93097,0.0600993,0.594606,0.318696 0 11
0.26,3.0609,0.0606214,0.594479,0.318781 0 11
0.27,3.19342,0.0611615,0.594346,0.318869 0 11
0.28,3.32868,0.06172,0.594207,0.318962 0 11
0.29,3.46685,0.0622975,0.594062,0.319058 0 11
0.3,3.60811,0.0628943,0.59391,0.319159 0 11
0.31,3.75263,0.063511,0.593752,0.319264 0 11
0.32,3.90059,0.0641482,0.593586,0.319373 0 11
0.33,4.0522,0.0648066,0.593414,0.319487 0 11
0.34,4.20763,0.0654869,0.593234,0.319606 0 11
0.35,4.3671,0.0661899,0.593046,0.319729 0 11
0.36,4.53083,0.0669165,0.592851,0.319857 0 11
0.37,4.69904,0.0676675,0.592648,0.31999 0 11
0.38,4.87197,0.0684441,0.592436,0.320129 0 11
0.39,5.04986,0.0692472,0.592215,0.320272 0 11
0.4,5.23297,0.070078,0.591986,0.320422 0 11
0.41,5.42158,0.0709379,0.591747,0.320577 0 11
0.42,5.61598,0.071828,0.591498,0.320738 0 11
0.43,5.81647,0.07275,0.591239,0.320906 0 11
0.44,6.02337,0.0737052,0.590969,0.32108 0 11
0.45,6.23704,0.0746955,0.590689,0.32126 0 11
0.46,6.45784,0.0757226,0.590396,0.321448 0 11
0.47,6.68616,0.0767883,0.590092,0.321643 0 11
0.48,6.92242,0.0778949,0.589775,0.321845 0 11
0.49,7.16708,0.0790444,0.589444,0.322055 0 11
0.5,7.42061,0.0802394,0.5891,0.322274 0 11
0.51,7.68355,0.0814823,0.588741,0.322501 0 11
0.52,7.95644,0.0827761,0.588366,0.322736 0 11
0.53,8.23992,0.0841235,0.587975,0.322982 0 11
0.54,8.53465,0.0855281,0.587567,0.323237 0 11
0.55,8.84134,0.0869932,0.58714,0.323502 0 11
0.56,9.16081,0.0885227,0.586694,0.323778 0 11
0.57,9.49391,0.0901208,0.586228,0.324065 0 11
0.58,9.84161,0.0917919,0.58574,0.324364 0 11
0.59,10.205,0.0935412,0.585229,0.324676 0 11
0.6,10.5851,0.0953739,0.584693,0.325001 0 11
0.61,10.9834,0.097296,0.58413,0.32534 0 11
0.62,11.4012,0.099314,0.583539,0.325694 0 11
0.63,11.8401,0.101435,0.582918,0.326064 0 11
0.64,12.3019,0.103667,0.582264,0.32645 0 11
0.65,12.7886,0.10602,0.581574,0.326854 0 11
0.66,13.3023,0.108501,0.580847,0.327277 0 11
0.67,13.8455,0.111123,0.580077,0.327721 0 11
0.68,14.421,0.113898,0.579262,0.328186 0 11
0.69,15.0318,0.116839,0.578398,0.328675 0 11
0.7,15.6813,0.11996,0.577479,0.329189 0 11
0.71,16.3732,0.12328,0.576501,0.32973 0 11
0.72,17.1116,0.126817,0.575457,0.3303 0 11
0.73,17.9011,0.130593,0.57434,0.330903 0 11
0.74,18.7464,0.134631,0.573142,0.33154 0 11
0.75,19.6528,0.138958,0.571855,0.332215 0 11
0.76,20.6258,0.143605,0.570468,0.332931 0 11
0.77,21.6713,0.148606,0.568969,0.333693 0 11
0.78,22.7951,0.153998,0.567347,0.334504 0 11
0.79,24.0034,0.159823,0.565587,0.335369 0 11
0.8,25.3024,0.166129,0.563674,0.336293 0 11
0.81,26.6982,0.172965,0.561592,0.337283 0 11
0.82,28.1969,0.180387,0.559324,0.338345 0 13
0.83,29.8044,0.188457,0.556855,0.339484 0 13
0.84,31.5271,0.197238,0.554167,0.340709 0 13
0.85,33.3712,0.206799,0.55125,0.342028 0 13
0.86,35.3434,0.217214,0.548093,0.343449 0 13
0.87,37.4515,0.228556,0.544691,0.34498 0 14
0.88,39.704,0.240904,0.541046,0.346631 0 14
0.89,42.1109,0.254335,0.537167,0.348413 0 15
0.9,44.6838,0.268927,0.533067,0.350336 0 15
0.91,47.4355,0.284755,0.52877,0.352411 0 15
0.92,50.3793,0.30189,0.5243,0.354651 0 15
0.93,53.5284,0.320392,0.519688,0.357068 0 15
0.94,56.8931,0.340312,0.514966,0.359674 0 16
0.95,60.4789,0.361679,0.510163,0.362484 0 17
0.96,64.2825,0.384494,0.505309,0.36551 0 17
0.97,68.2879,0.408726,0.500429,0.368765 0 17
0.98,72.4622,0.434295,0.495543,0.372259 0 17
0.99,76.753,0.461069,0.490667,0.375999 0 17
1,81.0866,0.48886,0.485813,0.37999 0 17
1.01,85.3713,0.517417,0.48099,0.384228 0 17
1.02,89.5036,0.546441,0.476204,0.388707 0 17
1.03,93.3788,0.575592,0.471459,0.39341 0 17
1.04,96.9037,0.604515,0.466756,0.398316 0 17
1.05,100.008,0.632862,0.462097,0.403397 0 17
1.06,102.654,0.660318,0.457483,0.408623 0 17
1.07,104.835,0.686619,0.452914,0.413961 0 17
1.08,106.577,0.711565,0.448389,0.41938 0 17
1.09,107.926,0.735025,0.443909,0.42485 0 17
1.1,108.941,0.756931,0.439474,0.430344 0 17
1.11,109.683,0.777268,0.435082,0.435843 0 17
1.12,110.213,0.796063,0.430735,0.441329 0 18
1.13,110.579,0.813375,0.42643,0.446788 0 18
1.14,110.824,0.829279,0.422169,0.452213 0 18
1.15,110.98,0.843863,0.41795,0.457594 0 18
1.16,111.071,0.85722,0.413773,0.462929 0 18
1.17,111.114,0.869439,0.409639,0.468213 0 18
1.18,111.123,0.880612,0.405545,0.473444 0 18
1.19,111.105,0.890823,0.401492,0.478622 0 18
1.2,111.066,0.900151,0.39748,0.483744 0 18
1.21,111.011,0.908671,0.393508,0.488811 0 18
1.22,110.942,0.916451,0.389576,0.493822 0 18
1.23,110.862,0.923556,0.385683,0.498778 0 18
1.24,110.771,0.930043,0.381829,0.503677 0 18
1.25,110.671,0.935965,0.378014,0.508522 0 18
1.26,110.562,0.941372,0.374237,0.51331 0 18
1.27,110.445,0.946308,0.370497,0.518043 0 18
1.28,110.32,0.950815,0.366795,0.522722 0 18
1.29,110.188,0.954929,0.36313,0.527346 0 18
1.3,110.049,0.958686,0.359502,0.531915 0 18
1.31,109.904,0.962115,0.35591,0.53643 0 18
1.32,109.751,0.965247,0.352354,0.540892 0 18
1.33,109.593,0.968106,0.348833,0.5453 0 18
1.34,109.428,0.970717,0.345348,0.549656 0 18
1.35,109.257,0.973101,0.341898,0.553959 0 18
1.36,109.08,0.975278,0.338482,0.55821 0 18
1.37,108.897,0.977266,0.3351,0.562409 0 18
1.38,108.708,0.979081,0.331753,0.566556 0 18
1.39,108.513,0.980739,0.328438,0.570653 0 18
1.4,108.313,0.982254,0.325157,0.574699 0 18
1.41,108.108,0.983637,0.321909,0.578695 0 19
1.42,107.897,0.9849,0.318694,0.582641 0 20
1.43,107.681,0.986054,0.31551,0.586538 0 20
1.44,107.459,0.987108,0.312359,0.590386 0 20
1.45,107.233,0.98807,0.309239,0.594186 0 20
1.46,107.001,0.988949,0.30615,0.597938 0 20
1.47,106.764,0.989752,0.303092,0.601642 0 20
1.48,106.522,0.990485,0.300065,0.605299 0 20
1.49,106.275,0.991154,0.297068,0.608909 0 20
1.5,106.024,0.991765,0.294101,0.612473 0 20
1.51,105.767,0.992323,0.291164,0.615991 0 20
1.52,105.506,0.992832,0.288256,0.619463 0 21
1.53,105.241,0.993296,0.285378,0.622891 0 21
1.54,104.971,0.993719,0.282528,0.626274 0 21
1.55,104.696,0.994105,0.279707,0.629613 0 21
1.56,104.417,0.994457,0.276914,0.632908 0 21
1.57,104.134,0.994777,0.27415,0.636159 0 21
1.58,103.846,0.995068,0.271413,0.639368 0 21
1.59,103.554,0.995333,0.268703,0.642535 0 21
1.6,103.258,0.995573,0.266021,0.645659 0 21
1.61,102.958,0.995791,0.263365,0.648742 0 21
1.62,102.654,0.995989,0.260736,0.651784 0 21
1.63,102.347,0.996168,0.258134,0.654784 0 21
1.64,102.035,0.996329,0.255557,0.657745 0 21
1.65,101.72,0.996474,0.253007,0.660666 0 21
1.66,101.4,0.996605,0.250482,0.663547 0 21
1.67,101.078,0.996722,0.247982,0.666389 0 21
1.68,100.751,0.996826,0.245508,0.669192 0 21
1.69,100.422,0.996919,0.243058,0.671957 0 21
1.7,100.089,0.997001,0.240633,0.674684 0 21
1.71,99.7522,0.997073,0.238233,0.677374 0 21
1.72,99.4125,0.997135,0.235856,0.680027 0 21
1.73,99.0696,0.997189,0.233504,0.682643 0 21
1.74,98.7236,0.997235,0.231175,0.685222 0 21
1.75,98.3746,0.997274,0.228869,0.687766 0 21
1.76,98.0226,0.997305,0.226587,0.690275 0 21
1.77,97.6677,0.99733,0.224328,0.692748 0 21
1.78,97.3099,0.997348,0.222091,0.695187 0 20
1.79,96.9494,0.997361,0.219877,0.697591 0 20
1.8,96.5861,0.997369,0.217685,0.699961 0 20
1.81,96.2202,0.997371,0.215516,0.702298 0 20
1.82,95.8518,0.997368,0.213368,0.704602 0 19
1.83,95.4809,0.99736,0.211242,0.706872 0 19
1.84,95.1075,0.997348,0.209137,0.709111 0 19
1.85,94.7318,0.997332,0.207053,0.711317 0 19
1.86,94.3537,0.997311,0.204991,0.713491 0 19
1.87,93.9734,0.997287,0.202949,0.715634 0 19
1.88,93.591,0.997259,0.200928,0.717747 0 19
1.89,93.2064,0.997227,0.198928,0.719828 0 19
1.9,92.8197,0.997191,0.196947,0.721879 0 19
1.91,92.4311,0.997152,0.194987,0.7239 0 19
1.92,92.0406,0.99711,0.193046,0.725892 0 19
1.93,91.6482,0.997064,0.191125,0.727854 0 19
1.94,91.2539,0.997014,0.189224,0.729787 0 19
1.95,90.858,0.996962,0.187342,0.731692 0 19
1.96,90.4603,0.996906,0.185479,0.733568 0 18
1.97,90.061,0.996847,0.183634,0.735417 0 18
1.98,89.6601,0.996785,0.181809,0.737238 0 18
1.99,89.2577,0.996719,0.180002,0.739031 0 18
2,88.8538,0.99665,0.178213,0.740798 0 18
2.01,88.4486,0.996578,0.176443,0.742537 0 18
2.02,88.0419,0.996503,0.174691,0.744251 0 18
2.03,87.634,0.996424,0.172956,0.745938 0 18
2.04,87.2248,0.996343,0.171239,0.747599 0 18
2.05,86.8144,0.996257,0.16954,0.749235 0 18
2.06,86.4029,0.996169,0.167858,0.750846 0 18
2.07,85.9902,0.996077,0.166193,0.752432 0 18
2.08,85.5765,0.995981,0.164545,0.753993 0 18
2.09,85.1618,0.995882,0.162914,0.75553 0 18
2.1,84.7461,0.995779,0.161299,0.757042 0 18
2.11,84.3296,0.995672,0.159702,0.758531 0 18
2.12,83.9121,0.995562,0.15812,0.759997 0 18
2.13,83.4939,0.995448,0.156555,0.761439 0 18
2.14,83.0748,0.99533,0.155006,0.762858 0 18
2.15,82.6551,0.995208,0.153473,0.764255 0 18
2.16,82.2346,0.995082,0.151956,0.765629 0 18
2.17,81.8135,0.994951,0.150454,0.766981 0 18
2.18,81.3918,0.994816,0.148968,0.768311 0 18
2.19,80.9695,0.994677,0.147497,0.769619 0 17
2.2,80.5467,0.994533,0.146041,0.770905 0 17
2.21,80.1233,0.994385,0.144601,0.772171 0 17
2.22,79.6996,0.994232,0.143175,0.773415 0 17
2.23,79.2754,0.994074,0.141765,0.774639 0 17
2.24,78.8508,0.993911,0.140369,0.775842 0 17
2.25,78.4259,0.993743,0.138987,0.777025 0 17
2.26,78.0007,0.993569,0.13762,0.778188 0 16
2.27,77.5752,0.99339,0.136267,0.779331 0 16
2.28,77.1494,0.993205,0.134929,0.780455 0 16
2.29,76.7235,0.993015,0.133604,0.781559 0 16
2.3,76.2973,0.992819,0.132294,0.782644 0 16
2.31,75.871,0.992617,0.130997,0.78371 0 16
2.32,75.4446,0.992408,0.129714,0.784757 0 16
2.33,75.0181,0.992193,0.128444,0.785786 0 16
2.34,74.5915,0.991971,0.127188,0.786796 0 16
2.35,74.1649,0.991743,0.125946,0.787788 0 16
2.36,73.7383,0.991508,0.124716,0.788763 0 16
2.37,73.3116,0.991265,0.1235,0.789719 0 16
2.38,72.885,0.991016,0.122297,0.790658 0 16
2.39,72.4585,0.990758,0.121106,0.791579 0 16
2.4,72.0321,0.990493,0.119929,0.792484 0 16
2.41,71.6058,0.99022,0.118764,0.793371 0 16
2.42,71.1796,0.989939,0.117612,0.794241 0 16
2.43,70.7535,0.989649,0.116472,0.795095 0 16
2.44,70.3277,0.98935,0.115345,0.795933 0 16
2.45,69.902,0.989043,0.11423,0.796754 0 16
2.46,69.4765,0.988726,0.113127,0.797558 0 16
2.47,69.0513,0.9884,0.112036,0.798347 0 15
2.48,68.6263,0.988064,0.110958,0.79912 0 15
2.49,68.2016,0.987719,0.109891,0.799878 0 15
2.5,67.7772,0.987363,0.108836,0.80062 0 15
2.51,67.3531,0.986996,0.107793,0.801346 0 15
2.52,66.9293,0.986619,0.106762,0.802058 0 15
2.53,66.5058,0.986231,0.105743,0.802754 0 15
2.54,66.0827,0.985831,0.104734,0.803436 0 15
2.55,65.66,0.985419,0.103738,0.804102 0 15
2.56,65.2376,0.984996,0.102752,0.804755 0 15
2.57,64.8156,0.98456,0.101778,0.805392 0 15
2.58,64.394,0.984111,0.100816,0.806016 0 15
2.59,63.9728,0.983649,0.0998639,0.806625 0 15
2.6,63.5521,0.983174,0.0989233,0.80722 0 15
2.61,63.1317,0.982685,0.0979937,0.807802 0 15
2.62,62.7118,0.982182,0.0970751,0.808369 0 15
2.63,62.2924,0.981664,0.0961673,0.808923 0 15
2.64,61.8734,0.981132,0.0952704,0.809464 0 15
2.65,61.4549,0.980584,0.0943841,0.809991 0 15
2.66,61.0369,0.98002,0.0935086,0.810504 0 15
2.67,60.6193,0.97944,0.0926437,0.811005 0 15
2.68,60.2022,0.978843,0.0917893,0.811493 0 15
2.69,59.7856,0.978229,0.0909455,0.811967 0 15
2.7,59.3695,0.977598,0.090112,0.812429 0 15
2.71,58.9539,0.976949,0.089289,0.812879 0 15
2.72,58.5388,0.976281,0.0884763,0.813315 0 15
2.73,58.1242,0.975595,0.087674,0.813739 0 15
2.74,57.7101,0.974889,0.0868818,0.814151 0 15
2.75,57.2966,0.974163,0.0860999,0.814551 0 15
2.76,56.8835,0.973416,0.0853281,0.814938 0 15
2.77,56.4709,0.972649,0.0845664,0.815314 0 15
2.78,56.0589,0.971859,0.0838147,0.815677 0 14
2.79,55.6473,0.971048,0.0830731,0.816029 0 14
2.8,55.2363,0.970214,0.0823414,0.816368 0 14
2.81,54.8257,0.969357,0.0816197,0.816697 0 14
2.82,54.4156,0.968476,0.0809079,0.817013 0 14
2.83,54.0061,0.96757,0.0802059,0.817318 0 14
2.84,53.597,0.966639,0.0795138,0.817612 0 14
2.85,53.1884,0.965683,0.0788315,0.817895 0 14
2.86,52.7802,0.9647,0.0781589,0.818166 0 14
2.87,52.3725,0.963689,0.0774961,0.818426 0 14
2.88,51.9653,0.962651,0.0768429,0.818675 0 14
2.89,51.5585,0.961585,0.0761995,0.818913 0 14
2.9,51.1521,0.960489,0.0755656,0.81914 0 14
2.91,50.7462,0.959363,0.0749415,0.819357 0 14
2.92,50.3406,0.958206,0.0743269,0.819562 0 14
2.93,49.9354,0.957018,0.0737219,0.819757 0 14
2.94,49.5306,0.955798,0.0731264,0.819942 0 14
2.95,49.1261,0.954544,0.0725405,0.820116 0 14
2.96,48.7219,0.953257,0.0719642,0.820279 0 14
2.97,48.3181,0.951934,0.0713973,0.820432 0 14
2.98,47.9145,0.950576,0.0708399,0.820575 0 14
2.99,47.5112,0.949182,0.070292,0.820707 0 14
3,47.1081,0.94775,0.0697535,0.82083 0 14
3.01,46.7052,0.946279,0.0692245,0.820942 0 14
3.02,46.3025,0.944769,0.0687049,0.821044 0 14
3.03,45.8999,0.943219,0.0681948,0.821136 0 14
3.04,45.4975,0.941627,0.0676941,0.821218 0 14
3.05,45.095,0.939993,0.0672028,0.82129 0 14
3.06,44.6926,0.938315,0.0667209,0.821352 0 14
3.07,44.2902,0.936593,0.0662484,0.821405 0 14
3.08,43.8877,0.934825,0.0657854,0.821447 0 14
3.09,43.4852,0.933011,0.0653317,0.82148 0 14
3.1,43.0824,0.931148,0.0648874,0.821504 0 14
3.11,42.6795,0.929236,0.0644525,0.821517 0 14
3.12,42.2763,0.927274,0.0640271,0.821521 0 14
3.13,41.8727,0.92526,0.063611,0.821516 0 14
3.14,41.4688,0.923193,0.0632044,0.821501 0 14
3.15,41.0645,0.921071,0.0628071,0.821476 0 14
3.16,40.6596,0.918894,0.0624194,0.821442 0 14
3.17,40.2541,0.91666,0.062041,0.821399 0 14
3.18,39.848,0.914367,0.0616721,0.821346 0 14
3.19,39.4412,0.912013,0.0613127,0.821284 0 14
3.2,39.0335,0.909598,0.0609627,0.821212 0 14
3.21,38.625,0.90712,0.0606222,0.821131 0 14
3.22,38.2155,0.904577,0.0602913,0.821041 0 14
3.23,37.8049,0.901967,0.0599698,0.820941 0 14
3.24,37.3931,0.899288,0.059658,0.820832 0 14
3.25,36.9801,0.89654,0.0593556,0.820714 0 14
3.26,36.5657,0.893719,0.0590629,0.820586 0 14
3.27,36.1499,0.890824,0.0587799,0.820449 0 14
3.28,35.7325,0.887853,0.0585064,0.820303 0 14
3.29,35.3134,0.884803,0.0582427,0.820148 0 14
3.3,34.8926,0.881674,0.0579886,0.819983 0 14
3.31,34.4698,0.878461,0.0577443,0.819809 0 14
3.32,34.045,0.875164,0.0575099,0.819626 0 14
3.33,33.6181,0.87178,0.0572852,0.819433 0 14
3.34,33.1888,0.868306,0.0570704,0.819231 0 14
3.35,32.7572,0.86474,0.0568655,0.81902 0 14
3.36,32.3231,0.861079,0.0566705,0.818799 0 14
3.37,31.8862,0.857321,0.0564856,0.818569 0 14
3.38,31.4466,0.853462,0.0563107,0.818329 0 14
3.39,31.004,0.8495,0.0561459,0.81808 0 14
3.4,30.5583,0.845432,0.0559913,0.817821 0 14
3.41,30.1093,0.841255,0.055847,0.817553 0 14
3.42,29.6569,0.836965,0.0557129,0.817275 0 14
3.43,29.2009,0.832559,0.0555891,0.816988 0 14
3.44,28.7412,0.828034,0.0554758,0.816691 0 14
3.45,28.2776,0.823387,0.055373,0.816384 0 14
3.46,27.8098,0.818613,0.0552807,0.816067 0 14
3.47,27.3377,0.813708,0.0551991,0.81574 0 14
3.48,26.8612,0.80867,0.0551282,0.815404 0 14
3.49,26.3799,0.803493,0.0550681,0.815057 0 14
3.5,25.8938,0.798175,0.0550189,0.814701 0 14
3.51,25.4025,0.792709,0.0549808,0.814334 0 14
3.52,24.9059,0.787092,0.0549537,0.813957 0 13
3.53,24.4038,0.78132,0.0549379,0.81357 0 13
3.54,23.8958,0.775386,0.0549334,0.813172 0 13
3.55,23.3818,0.769288,0.0549403,0.812764 0 13
3.56,22.8615,0.763019,0.0549589,0.812345 0 13
3.57,22.3346,0.756574,0.0549891,0.811915 0 13
3.58,21.8009,0.749947,0.0550312,0.811475 0 13
3.59,21.2602,0.743134,0.0550853,0.811024 0 13
3.6,20.7121,0.736129,0.0551516,0.810562 0 13
3.61,20.1565,0.728925,0.0552302,0.810088 0 13
3.62,19.593,0.721517,0.0553214,0.809603 0 13
3.63,19.0214,0.713898,0.0554253,0.809107 0 14
3.64,18.4415,0.706063,0.0555421,0.8086 0 14
3.65,17.853,0.698005,0.055672,0.808081 0 14
3.66,17.2558,0.689718,0.0558153,0.80755 0 14
3.67,16.6495,0.681195,0.0559723,0.807007 0 14
3.68,16.0342,0.67243,0.0561431,0.806452 0 14
3.69,15.4096,0.663417,0.0563281,0.805884 0 14
3.7,14.7756,0.65415,0.0565276,0.805305 0 14
3.71,14.1322,0.644622,0.0567418,0.804713 0 14
3.72,13.4795,0.634828,0.0569712,0.804108 0 13
3.73,12.8175,0.624763,0.057216,0.803491 0 13
3.74,12.1463,0.614422,0.0574767,0.802861 0 13
3.75,11.4661,0.603801,0.0577535,0.802218 0 13
3.76,10.7774,0.592895,0.0580471,0.801561 0 13
3.77,10.0804,0.581703,0.0583577,0.800892 0 13
3.78,9.37583,0.570224,0.0586858,0.800209 0 13
3.79,8.6642,0.558456,0.0590319,0.799513 0 13
3.8,7.94631,0.546402,0.0593965,0.798804 0 13
3.81,7.22308,0.534064,0.0597801,0.798081 0 13
3.82,6.49556,0.521448,0.0601832,0.797345 0 13
3.83,5.76492,0.50856,0.0606062,0.796595 0 13
3.84,5.03252,0.495409,0.0610498,0.795832 0 13
3.85,4.29983,0.482009,0.0615144,0.795055 0 13
3.86,3.56847,0.468374,0.0620005,0.794266 0 13
3.87,2.84021,0.454522,0.0625086,0.793463 0 13
3.88,2.11691,0.440475,0.0630392,0.792647 0 13
3.89,1.40057,0.426256,0.0635927,0.791818 0 13
3.9,0.693228,0.411894,0.0641694,0.790977 0 13
3.91,-0.00299893,0.397419,0.0647697,0.790123 0 13
3.92,-0.685982,0.382867,0.0653937,0.789258 0 13
3.93,-1.35361,0.368273,0.0660417,0.78838 0 13
3.94,-2.00381,0.353677,0.0667137,0.787492 0 13
3.95,-2.63462,0.339121,0.0674098,0.786592 0 13
3.96,-3.24421,0.324648,0.0681297,0.785683 0 13
3.97,-3.8309,0.310301,0.0688732,0.784763 0 13
3.98,-4.39324,0.296124,0.06964,0.783833 0 13
3.99,-4.92998,0.28216,0.0704295,0.782895 0 13
4,-5.44016,0.268452,0.0712414,0.781948 0 13
4.01,-5.92306,0.255038,0.0720747,0.780993 0 13
4.02,-6.37826,0.241957,0.0729288,0.780031 0 13
4.03,-6.80559,0.229242,0.0738028,0.779062 0 13
4.04,-7.20517,0.216922,0.0746958,0.778087 0 13
4.05,-7.57736,0.205023,0.0756068,0.777106 0 13
4.06,-7.92273,0.193566,0.0765347,0.776119 0 13
4.07,-8.24208,0.182567,0.0774785,0.775128 0 13
4.08,-8.53637,0.172038,0.078437,0.774133 0 13
4.09,-8.80668,0.161986,0.0794092,0.773134 0 13
4.1,-9.05423,0.152416,0.0803941,0.772132 0 13
4.11,-9.28029,0.143325,0.0813905,0.771127 0 13
4.12,-9.48618,0.134709,0.0823975,0.77012 0 13
4.13,-9.67327,0.126562,0.0834141,0.769111 0 13
4.14,-9.84289,0.118872,0.0844393,0.768099 0 13
4.15,-9.99638,0.111629,0.0854723,0.767087 0 13
4.16,-10.135,0.104816,0.0865121,0.766073 0 13
4.17,-10.2601,0.0984196,0.0875582,0.765059 0 13
4.18,-10.3727,0.092422,0.0886097,0.764044 0 13
4.19,-10.4741,0.0868058,0.0896659,0.763029 0 13
4.2,-10.5652,0.0815531,0.0907264,0.762014 0 12
4.21,-10.6471,0.0766458,0.0917904,0.760998 0 12
4.22,-10.7206,0.0720655,0.0928576,0.759983 0 12
4.23,-10.7865,0.0677944,0.0939273,0.758969 0 12
4.24,-10.8458,0.0638149,0.0949993,0.757955 0 12
4.25,-10.8989,0.0601097,0.0960732,0.756942 0 12
4.26,-10.9467,0.0566622,0.0971486,0.755929 0 12
4.27,-10.9896,0.0534564,0.0982251,0.754917 0 12
4.28,-11.0282,0.0504769,0.0993026,0.753907 0 13
4.29,-11.063,0.0477092,0.100381,0.752897 0 13
4.3,-11.0943,0.0451393,0.10146,0.751888 0 13
4.31,-11.1226,0.0427539,0.102538,0.750881 0 13
4.32,-11.1482,0.0405406,0.103618,0.749875 0 13
4.33,-11.1715,0.0384876,0.104697,0.74887 0 13
4.34,-11.1925,0.0365839,0.105775,0.747866 0 13
4.35,-11.2117,0.034819,0.106854,0.746864 0 13
4.36,-11.2293,0.0331832,0.107932,0.745863 0 13
4.37,-11.2454,0.0316673,0.10901,0.744863 0 13
4.38,-11.2602,0.0302628,0.110087,0.743865 0 13
4.39,-11.2738,0.0289617,0.111163,0.742869 0 13
4.4,-11.2865,0.0277566,0.112239,0.741874 0 13
4.41,-11.2982,0.0266404,0.113313,0.74088 0 13
4.42,-11.3092,0.0256068,0.114387,0.739888 0 13
4.43,-11.3195,0.0246496,0.115461,0.738897 0 13
4.44,-11.3292,0.0237634,0.116533,0.737908 0 13
4.45,-11.3384,0.0229429,0.117604,0.736921 0 13
4.46,-11.3472,0.0221832,0.118674,0.735935 0 13
4.47,-11.3556,0.0214799,0.119744,0.73495 0 13
4.48,-11.3636,0.0208287,0.120812,0.733967 0 13
4.49,-11.3713,0.0202259,0.121879,0.732986 0 13
4.5,-11.3789,0.0196678,0.122946,0.732006 0 13
4.51,-11.3862,0.019151,0.124011,0.731028 0 13
4.52,-11.3933,0.0186726,0.125075,0.730051 0 13
4.53,-11.4003,0.0182295,0.126138,0.729076 0 13
4.54,-11.4072,0.0178192,0.1272,0.728102 0 13
4.55,-11.414,0.0174393,0.12826,0.72713 0 13
4.56,-11.4208,0.0170873,0.12932,0.72616 0 13
4.57,-11.4275,0.0167613,0.130379,0.725191 0 13
4.58,-11.4341,0.0164592,0.131436,0.724223 0 13
4.59,-11.4408,0.0161793,0.132493,0.723257 0 13
4.6,-11.4475,0.0159198,0.133548,0.722293 0 13
4.61,-11.4542,0.0156793,0.134602,0.72133 0 12
4.62,-11.4609,0.0154563,0.135655,0.720369 0 12
4.63,-11.4677,0.0152494,0.136707,0.719409 0 12
4.64,-11.4746,0.0150574,0.137758,0.718451 0 12
4.65,-11.4815,0.0148792,0.138808,0.717495 0 12
4.66,-11.4885,0.0147137,0.139857,0.71654 0 12
4.67,-11.4955,0.01456,0.140904,0.715586 0 12
4.68,-11.5027,0.0144171,0.141951,0.714634 0 12
4.69,-11.5099,0.0142842,0.142997,0.713683 0 12
4.7,-11.5173,0.0141606,0.144041,0.712734 0 12
4.71,-11.5248,0.0140455,0.145084,0.711787 0 12
4.72,-11.5324,0.0139383,0.146127,0.710841 0 12
4.73,-11.5401,0.0138383,0.147168,0.709896 0 12
4.74,-11.5479,0.013745,0.148208,0.708953 0 12
4.75,-11.5559,0.0136578,0.149248,0.708012 0 12
4.76,-11.564,0.0135763,0.150286,0.707071 0 12
4.77,-11.5723,0.0135001,0.151323,0.706133 0 12
4.78,-11.5807,0.0134286,0.152359,0.705196 0 12
4.79,-11.5893,0.0133616,0.153395,0.70426 0 12
4.8,-11.5981,0.0132986,0.154429,0.703326 0 12
4.81,-11.607,0.0132393,0.155462,0.702393 0 12
4.82,-11.616,0.0131835,0.156495,0.701462 0 12
4.83,-11.6253,0.0131309,0.157526,0.700532 0 12
4.84,-11.6347,0.0130811,0.158557,0.699603 0 12
4.85,-11.6443,0.013034,0.159586,0.698676 0 12
4.86,-11.6541,0.0129893,0.160615,0.697751 0 12
4.87,-11.6641,0.0129468,0.161642,0.696827 0 12
4.88,-11.6743,0.0129064,0.162669,0.695904 0 12
4.89,-11.6847,0.0128677,0.163695,0.694983 0 12
4.9,-11.6953,0.0128308,0.16472,0.694063 0 12
4.91,-11.7061,0.0127954,0.165744,0.693144 0 12
4.92,-11.7171,0.0127614,0.166768,0.692227 0 12
4.93,-11.7283,0.0127286,0.16779,0.691311 0 12
4.94,-11.7398,0.012697,0.168812,0.690397 0 12
4.95,-11.7515,0.0126664,0.169833,0.689484 0 12
4.96,-11.7634,0.0126367,0.170853,0.688572 0 12
4.97,-11.7755,0.0126078,0.171872,0.687662 0 12
4.98,-11.7879,0.0125797,0.172891,0.686753 0 12
4.99,-11.8006,0.0125522,0.173908,0.685845 0 12
5,-11.8135,0.0125253,0.174925,0.684939 0 12
5.01,-11.8266,0.0124988,0.175942,0.684034 0 12
5.02,-11.84,0.0124728,0.176957,0.68313 0 12
5.03,-11.8537,0.0124472,0.177972,0.682228 0 12
5.04,-11.8676,0.0124219,0.178986,0.681327 0 12
5.05,-11.8819,0.0123968,0.18,0.680427 0 12
5.06,-11.8964,0.0123719,0.181013,0.679529 0 12
5.07,-11.9112,0.0123472,0.182025,0.678632 0 12
5.08,-11.9262,0.0123226,0.183036,0.677736 0 12
5.09,-11.9416,0.012298,0.184047,0.676841 0 12
5.1,-11.9573,0.0122735,0.185058,0.675948 0 12
5.11,-11.9733,0.012249,0.186067,0.675056 0 12
5.12,-11.9896,0.0122244,0.187077,0.674165 0 12
5.13,-12.0062,0.0121998,0.188085,0.673275 0 12
5.14,-12.0232,0.0121751,0.189093,0.672387 0 12
5.15,-12.0405,0.0121502,0.190101,0.6715 0 12
5.16,-12.0581,0.0121252,0.191108,0.670614 0 12
5.17,-12.0761,0.0121,0.192115,0.669729 0 12
5.18,-12.0944,0.0120746,0.193121,0.668846 0 12
5.19,-12.1131,0.012049,0.194127,0.667964 0 12
5.2,-12.1322,0.0120231,0.195132,0.667082 0 12
5.21,-12.1516,0.011997,0.196137,0.666203 0 12
5.22,-12.1715,0.0119705,0.197142,0.665324 0 12
5.23,-12.1917,0.0119438,0.198146,0.664446 0 12
5.24,-12.2123,0.0119167,0.19915,0.66357 0 12
5.25,-12.2333,0.0118893,0.200153,0.662694 0 12
5.26,-12.2547,0.0118616,0.201157,0.66182 0 12
5.27,-12.2766,0.0118334,0.20216,0.660947 0 12
5.28,-12.2988,0.0118049,0.203162,0.660075 0 12
5.29,-12.3215,0.011776,0.204165,0.659204 0 12
5.3,-12.3447,0.0117467,0.205167,0.658334 0 12
5.31,-12.3683,0.0117169,0.206169,0.657466 0 12
5.32,-12.3924,0.0116867,0.207171,0.656598 0 12
5.33,-12.4169,0.011656,0.208173,0.655732 0 12
5.34,-12.4419,0.0116249,0.209175,0.654866 0 12
5.35,-12.4674,0.0115933,0.210176,0.654002 0 12
5.36,-12.4935,0.0115612,0.211178,0.653138 0 12
5.37,-12.52,0.0115286,0.21218,0.652276 0 12
5.38,-12.547,0.0114955,0.213181,0.651414 0 12
5.39,-12.5746,0.0114618,0.214183,0.650554 0 12
5.4,-12.6027,0.0114277,0.215184,0.649694 0 12
5.41,-12.6314,0.0113929,0.216186,0.648836 0 12
5.42,-12.6606,0.0113576,0.217188,0.647978 0 12
5.43,-12.6905,0.0113218,0.21819,0.647122 0 12
5.44,-12.7209,0.0112854,0.219192,0.646266 0 12
5.45,-12.7519,0.0112483,0.220194,0.645412 0 12
5.46,-12.7835,0.0112107,0.221197,0.644558 0 12
5.47,-12.8157,0.0111725,0.222199,0.643705 0 12
5.48,-12.8486,0.0111336,0.223202,0.642853 0 12
5.49,-12.8821,0.0110941,0.224206,0.642002 0 12
5.5,-12.9163,0.011054,0.22521,0.641152 0 12
5.51,-12.9512,0.0110132,0.226214,0.640302 0 12
5.52,-12.9868,0.0109718,0.227218,0.639454 0 12
5.53,-13.023,0.0109297,0.228223,0.638606 0 12
5.54,-13.06,0.0108869,0.229229,0.637759 0 12
5.55,-13.0978,0.0108434,0.230235,0.636913 0 12
5.56,-13.1362,0.0107992,0.231242,0.636068 0 12
5.57,-13.1755,0.0107543,0.232249,0.635223 0 12
5.58,-13.2155,0.0107087,0.233257,0.634379 0 12
5.59,-13.2564,0.0106624,0.234266,0.633536 0 12
5.6,-13.298,0.0106153,0.235275,0.632694 0 12
5.61,-13.3405,0.0105675,0.236285,0.631852 0 12
5.62,-13.3839,0.0105189,0.237296,0.631011 0 12
5.63,-13.4281,0.0104695,0.238308,0.630171 0 12
5.64,-13.4732,0.0104193,0.239321,0.629332 0 12
5.65,-13.5193,0.0103684,0.240335,0.628493 0 12
5.66,-13.5663,0.0103166,0.24135,0.627654 0 12
5.67,-13.6142,0.0102641,0.242366,0.626816 0 12
5.68,-13.6631,0.0102107,0.243383,0.625979 0 12
5.69,-13.713,0.0101565,0.244401,0.625143 0 12
5.7,-13.7639,0.0101014,0.245421,0.624307 0 12
5.71,-13.8159,0.0100455,0.246441,0.623471 0 12
5.72,-13.8689,0.00998875,0.247463,0.622636 0 12
5.73,-13.923,0.00993112,0.248487,0.621802 0 12
5.74,-13.9782,0.0098726,0.249512,0.620968 0 12
5.75,-14.0346,0.0098132,0.250538,0.620134 0 12
5.76,-14.0922,0.00975289,0.251566,0.619301 0 12
5.77,-14.1509,0.00969168,0.252596,0.618469 0 12
5.78,-14.2109,0.00962955,0.253627,0.617636 0 12
5.79,-14.2721,0.00956649,0.25466,0.616805 0 12
5.8,-14.3346,0.0095025,0.255695,0.615973 0 12
5.81,-14.3984,0.00943756,0.256732,0.615142 0 12
5.82,-14.4635,0.00937167,0.257771,0.614311 0 12
5.83,-14.53,0.00930482,0.258812,0.61348 0 12
5.84,-14.5979,0.00923699,0.259855,0.61265 0 12
5.85,-14.6673,0.00916819,0.2609,0.61182 0 12
5.86,-14.7381,0.0090984,0.261948,0.61099 0 12
5.87,-14.8105,0.00902761,0.262998,0.61016 0 12
5.88,-14.8844,0.00895583,0.26405,0.609331 0 12
5.89,-14.9598,0.00888303,0.265105,0.608502 0 12
5.9,-15.0369,0.00880922,0.266163,0.607672 0 12
5.91,-15.1157,0.00873439,0.267223,0.606843 0 12
5.92,-15.1961,0.00865852,0.268286,0.606014 0 12
5.93,-15.2784,0.00858162,0.269352,0.605185 0 12
5.94,-15.3623,0.00850369,0.270422,0.604356 0 12
5.95,-15.4482,0.0084247,0.271494,0.603527 0 12
5.96,-15.5359,0.00834467,0.272569,0.602697 0 12
5.97,-15.6255,0.00826358,0.273648,0.601868 0 12
5.98,-15.7171,0.00818144,0.274731,0.601039 0 12
5.99,-15.8108,0.00809824,0.275816,0.600209 0 12
6,-15.9065,0.00801397,0.276906,0.59938 0 12
6.01,-16.0043,0.00792864,0.277999,0.59855 0 12
6.02,-16.1044,0.00784224,0.279097,0.59772 0 12
6.03,-16.2067,0.00775478,0.280198,0.596889 0 12
6.04,-16.3112,0.00766625,0.281304,0.596058 0 12
6.05,-16.4182,0.00757666,0.282414,0.595227 0 12
6.06,-16.5276,0.00748601,0.283529,0.594396 0 12
6.07,-16.6394,0.0073943,0.284648,0.593564 0 12
6.08,-16.7538,0.00730153,0.285772,0.592731 0 12
6.09,-16.8709,0.00720771,0.286901,0.591898 0 12
6.1,-16.9906,0.00711285,0.288035,0.591065 0 12
6.11,-17.1131,0.00701696,0.289175,0.590231 0 12
6.12,-17.2385,0.00692003,0.29032,0.589396 0 12
6.13,-17.3668,0.00682208,0.29147,0.588561 0 12
6.14,-17.4981,0.00672313,0.292627,0.587725 0 12
6.15,-17.6324,0.00662318,0.293789,0.586888 0 12
6.16,-17.77,0.00652224,0.294958,0.58605 0 12
6.17,-17.9108,0.00642034,0.296134,0.585212 0 12
6.18,-18.0549,0.00631749,0.297316,0.584372 0 12
6.19,-18.2025,0.0062137,0.298505,0.583532 0 12
6.2,-18.3537,0.006109,0.299701,0.582691 0 12
6.21,-18.5084,0.00600341,0.300905,0.581848 0 12
6.22,-18.667,0.00589695,0.302116,0.581005 0 12
6.23,-18.8294,0.00578964,0.303335,0.58016 0 12
6.24,-18.9957,0.00568153,0.304563,0.579314 0 12
6.25,-19.1662,0.00557262,0.305798,0.578467 0 11
6.26,-19.3409,0.00546296,0.307043,0.577619 0 11
6.27,-19.5198,0.00535259,0.308297,0.576769 0 11
6.28,-19.7033,0.00524152,0.30956,0.575917 0 11
6.29,-19.8913,0.00512982,0.310833,0.575065 0 11
6.3,-20.0841,0.0050175,0.312117,0.57421 0 11
6.31,-20.2817,0.00490463,0.31341,0.573354 0 11
6.32,-20.4844,0.00479125,0.314715,0.572496 0 11
6.33,-20.6922,0.0046774,0.316031,0.571637 0 11
6.34,-20.9054,0.00456314,0.317358,0.570775 0 11
6.35,-21.1241,0.00444852,0.318698,0.569912 0 11
6.36,-21.3484,0.0043336,0.32005,0.569047 0 11
6.37,-21.5786,0.00421844,0.321416,0.568179 0 11
6.38,-21.8148,0.0041031,0.322794,0.56731 0 11
6.39,-22.0573,0.00398766,0.324187,0.566438 0 11
6.4,-22.3062,0.00387218,0.325595,0.565564 0 11
6.41,-22.5617,0.00375673,0.327018,0.564687 0 11
6.42,-22.824,0.0036414,0.328456,0.563808 0 11
6.43,-23.0934,0.00352626,0.329911,0.562927 0 11
6.44,-23.3701,0.00341139,0.331383,0.562042 0 11
6.45,-23.6543,0.00329688,0.332873,0.561155 0 11
6.46,-23.9355,0.00318282,0.334382,0.560265 0 11
6.47,-23.1334,0.00306992,0.335909,0.559373 0 12
6.48,-22.3657,0.00301883,0.33737,0.558494 0 11
6.49,-21.6116,0.00301824,0.338771,0.557629 0 13
6.5,-20.871,0.00306074,0.340116,0.556778 0 13
6.51,-20.1435,0.00314083,0.341406,0.55594 0 13
6.52,-19.4278,0.0032544,0.342646,0.555115 0 13
6.53,-18.7223,0.00339844,0.343837,0.554303 0 13
6.54,-18.0235,0.00357086,0.344982,0.553504 0 13
6.55,-17.3204,0.00377037,0.346083,0.552719 0 15
6.56,-16.683,0.00399692,0.347142,0.551946 0 15
6.57,-16.1405,0.00424571,0.348162,0.551185 0 13
6.58,-15.6923,0.00450994,0.34915,0.550435 0 13
6.59,-15.3298,0.00478293,0.350113,0.549693 0 13
6.6,-15.045,0.00505869,0.351055,0.548959 0 13
6.61,-14.8319,0.00533188,0.35198,0.548232 0 13
6.62,-14.6868,0.00559767,0.352893,0.547509 0 13
6.63,-14.607,0.00585153,0.353797,0.54679 0 13
6.64,-14.5883,0.00608925,0.354696,0.546074 0 13
6.65,-14.6226,0.00630705,0.355592,0.545359 0 13
6.66,-14.6974,0.00650199,0.356488,0.544645 0 13
6.67,-14.7986,0.0066724,0.357387,0.543931 0 11
6.68,-14.9163,0.00681799,0.35829,0.543216 0 11
6.69,-15.0452,0.00693937,0.359197,0.542501 0 11
6.7,-15.1831,0.00703762,0.36011,0.541784 0 11
6.71,-15.3293,0.00711394,0.361028,0.541067 0 11
6.72,-15.4832,0.00716955,0.361952,0.540348 0 11
6.73,-15.6448,0.0072056,0.362883,0.539627 0 11
6.74,-15.8138,0.00722324,0.36382,0.538906 0 11
6.75,-15.9902,0.00722355,0.364765,0.538182 0 11
6.76,-16.1737,0.00720756,0.365718,0.537457 0 11
6.77,-16.3644,0.00717629,0.366679,0.53673 0 11
6.78,-16.5621,0.00713068,0.367649,0.536001 0 11
6.79,-16.7668,0.00707168,0.368627,0.53527 0 11
6.8,-16.9784,0.00700017,0.369615,0.534537 0 11
6.81,-17.1971,0.00691702,0.370613,0.533801 0 11
6.82,-17.4227,0.00682305,0.371622,0.533064 0 11
6.83,-17.6554,0.00671908,0.372641,0.532323 0 11
6.84,-17.8951,0.00660588,0.373671,0.53158 0 11
6.85,-18.1419,0.00648419,0.374713,0.530835 0 11
6.86,-18.3959,0.00635474,0.375767,0.530087 0 11
6.87,-18.6572,0.00621821,0.376834,0.529336 0 11
6.88,-18.9258,0.00607529,0.377914,0.528582 0 11
6.89,-19.202,0.00592662,0.379007,0.527824 0 11
6.9,-19.4858,0.00577283,0.380115,0.527064 0 11
6.91,-19.7774,0.00561452,0.381238,0.526301 0 11
6.92,-20.0769,0.00545227,0.382376,0.525534 0 11
6.93,-20.3845,0.00528666,0.383531,0.524764 0 11
6.94,-20.7004,0.00511822,0.384702,0.52399 0 11
6.95,-21.0249,0.00494748,0.38589,0.523213 0 11
6.96,-21.358,0.00477495,0.387097,0.522432 0 11
6.97,-21.7001,0.00460111,0.388322,0.521647 0 11
6.98,-22.0514,0.00442644,0.389567,0.520859 0 11
6.99,-22.4121,0.0042514,0.390833,0.520066 0 11
7,-22.7825,0.00407642,0.39212,0.519269 0 11
7.01,-23.163,0.00390194,0.39343,0.518468 0 11
7.02,-23.5537,0.00372834,0.394762,0.517662 0 11
7.03,-23.9551,0.00355604,0.396119,0.516852 0 11
7.04,-24.3675,0.0033854,0.397502,0.516037 0 11
7.05,-24.7935,0.00321679,0.398911,0.515218 0 11
7.06,-24.3237,0.00305042,0.400348,0.514393 0 13
7.07,-23.7309,0.00293622,0.401747,0.513578 0 13
7.08,-23.1246,0.00287181,0.4031,0.512772 0 13
7.09,-22.5211,0.00284993,0.404408,0.511977 0 13
7.1,-21.9235,0.00286424,0.405673,0.511193 0 13
7.11,-21.3322,0.00290975,0.406895,0.51042 0 13
7.12,-20.7473,0.00298264,0.408078,0.509656 0 13
7.13,-20.1689,0.00307996,0.409221,0.508904 0 13
7.14,-19.5971,0.00319948,0.410328,0.508162 0 13
7.15,-19.0316,0.00333948,0.411399,0.50743 0 13
7.16,-18.4726,0.0034987,0.412436,0.506708 0 13
7.17,-17.9199,0.00367617,0.41344,0.505997 0 13
7.18,-17.3734,0.00387123,0.414412,0.505295 0 13
7.19,-16.833,0.0040834,0.415353,0.504604 0 13
7.2,-16.2986,0.00431239,0.416264,0.503923 0 13
7.21,-15.77,0.00455803,0.417147,0.503252 0 13
7.22,-15.2471,0.00482029,0.418002,0.502592 0 13
7.23,-14.7297,0.00509922,0.418831,0.501941 0 13
7.24,-14.2178,0.00539495,0.419633,0.5013 0 13
7.25,-13.7111,0.00570768,0.42041,0.500669 0 13
7.26,-13.2095,0.00603767,0.421163,0.500048 0 13
7.27,-12.7128,0.00638522,0.421892,0.499437 0 13
7.28,-12.2209,0.00675068,0.422598,0.498836 0 13
7.29,-11.7336,0.00713445,0.423282,0.498245 0 13
7.3,-11.2508,0.00753695,0.423943,0.497664 0 13
7.31,-10.7722,0.00795864,0.424584,0.497093 0 13
7.32,-10.2978,0.00839999,0.425203,0.496531 0 13
7.33,-9.82733,0.00886152,0.425802,0.49598 0 13
7.34,-9.36073,0.00934377,0.426381,0.495439 0 13
7.35,-8.89783,0.0098473,0.426941,0.494907 0 13
7.36,-8.43847,0.0103727,0.427481,0.494386 0 13
7.37,-7.98252,0.0109205,0.428003,0.493874 0 13
7.38,-7.52985,0.0114915,0.428506,0.493373 0 13
7.39,-7.08033,0.0120862,0.42899,0.492881 0 13
7.4,-6.63382,0.0127053,0.429457,0.4924 0 13
7.41,-6.1902,0.0133494,0.429906,0.491928 0 13
7.42,-5.74936,0.0140194,0.430338,0.491467 0 13
7.43,-5.31118,0.0147159,0.430752,0.491016 0 13
7.44,-4.87554,0.0154397,0.431149,0.490575 0 13
7.45,-4.44234,0.0161915,0.43153,0.490145 0 13
7.46,-4.01148,0.0169721,0.431893,0.489724 0 13
7.47,-3.58284,0.0177823,0.43224,0.489315 0 13
7.48,-3.15634,0.0186229,0.43257,0.488915 0 13
7.49,-2.73188,0.0194948,0.432883,0.488526 0 13
7.5,-2.30937,0.0203988,0.43318,0.488147 0 13
7.51,-1.88871,0.0213358,0.433461,0.487779 0 13
7.52,-1.46982,0.0223066,0.433725,0.487421 0 13
7.53,-1.05262,0.0233122,0.433973,0.487074 0 13
7.54,-0.637022,0.0243536,0.434205,0.486738 0 13
7.55,-0.222942,0.0254315,0.43442,0.486413 0 13
7.56,0.1897,0.0265471,0.434618,0.486098 0 13
7.57,0.600987,0.0277013,0.4348,0.485794 0 13
7.58,1.011,0.028895,0.434966,0.485501 0 13
7.59,1.41983,0.0301294,0.435115,0.485219 0 13
7.6,1.82755,0.0314053,0.435247,0.484949 0 13
7.61,2.23427,0.032724,0.435362,0.484689 0 13
7.62,2.64008,0.0340864,0.435461,0.484441 0 13
7.63,3.04509,0.0354938,0.435542,0.484204 0 13
7.64,3.44941,0.0369471,0.435606,0.483978 0 13
7.65,3.85319,0.0384476,0.435652,0.483764 0 13
7.66,4.25656,0.0399965,0.435681,0.483562 0 13
7.67,4.6597,0.041595,0.435692,0.483371 0 13
7.68,5.06281,0.0432444,0.435684,0.483192 0 13
7.69,5.4661,0.0449461,0.435659,0.483024 0 13
7.7,5.86984,0.0467014,0.435614,0.482869 0 13
7.71,6.27433,0.0485119,0.435551,0.482726 0 13
7.72,6.67992,0.0503791,0.435468,0.482595 0 13
7.73,7.08702,0.0523047,0.435366,0.482476 0 13
7.74,7.49612,0.0542905,0.435243,0.48237 0 13
7.75,7.90776,0.0563386,0.4351,0.482276 0 13
7.76,8.32259,0.0584509,0.434936,0.482196 0 13
7.77,8.74134,0.0606301,0.43475,0.482128 0 13
7.78,9.16488,0.0628786,0.434542,0.482074 0 13
7.79,9.59416,0.0651995,0.434311,0.482033 0 13
7.8,10.0303,0.067596,0.434057,0.482006 0 13
7.81,10.4746,0.0700718,0.433778,0.481994 0 13
7.82,10.9284,0.0726313,0.433474,0.481995 0 13
7.83,11.3933,0.0752791,0.433143,0.482012 0 13
7.84,11.871,0.0780206,0.432784,0.482045 0 13
7.85,12.3635,0.0808621,0.432397,0.482093 0 13
7.86,12.8727,0.0838104,0.431978,0.482158 0 13
7.87,13.4009,0.0868734,0.431527,0.482241 0 13
7.88,13.9501,0.09006,0.431041,0.482342 0 13
7.89,14.5226,0.0933799,0.430518,0.482462 0 13
7.9,15.1204,0.0968443,0.429956,0.482602 0 13
7.91,15.7456,0.100465,0.429351,0.482764 0 13
7.92,16.3996,0.104255,0.428701,0.482948 0 13
7.93,17.0838,0.10823,0.428001,0.483157 0 13
7.94,17.7989,0.112403,0.427249,0.48339 0 13
7.95,18.5454,0.116791,0.42644,0.483651 0 14
7.96,19.3232,0.12141,0.42557,0.483939 0 14
7.97,20.1316,0.126276,0.424634,0.484257 0 15
7.98,20.97,0.131408,0.423628,0.484607 0 15
7.99,21.8373,0.136821,0.422548,0.48499 0 15
8,22.7326,0.142533,0.421388,0.485407 0 15
8.01,23.6551,0.14856,0.420144,0.48586 0 15
8.02,24.6044,0.154918,0.418813,0.486351 0 15
8.03,25.5803,0.161623,0.417389,0.486881 0 15
8.04,26.5832,0.168692,0.41587,0.487452 0 16
8.05,27.614,0.176139,0.414251,0.488065 0 17
8.06,28.674,0.183982,0.412528,0.488721 0 16
8.07,29.7654,0.192237,0.4107,0.489424 0 15
8.08,30.8907,0.20092,0.408764,0.490173 0 17
8.09,32.0533,0.210049,0.406718,0.490973 0 17
8.1,33.2572,0.219644,0.40456,0.491823 0 17
8.11,34.5074,0.229723,0.402289,0.492727 0 17
8.12,35.8097,0.240308,0.399906,0.493688 0 17
8.13,37.1709,0.251422,0.397412,0.494707 0 18
8.14,38.5984,0.26309,0.394807,0.495789 0 18
8.15,40.1007,0.275338,0.392095,0.496936 0 18
8.16,41.687,0.288197,0.389278,0.498152 0 17
8.17,43.3666,0.301696,0.386361,0.499442 0 18
8.18,45.1494,0.315868,0.383351,0.500811 0 18
8.19,47.045,0.330745,0.380253,0.502263 0 17
8.2,49.0622,0.346359,0.377077,0.503805 0 17
8.21,51.2089,0.362738,0.373832,0.505442 0 17
8.22,53.491,0.379906,0.370528,0.507181 0 18
8.23,55.9119,0.397881,0.367175,0.509027 0 18
8.24,58.4711,0.416667,0.363787,0.510988 0 18
8.25,61.1634,0.436257,0.360372,0.51307 0 18
8.26,63.978,0.456623,0.356943,0.515277 0 18
8.27,66.8972,0.477719,0.353507,0.517616 0 18
8.28,69.8964,0.499473,0.350074,0.52009 0 18
8.29,72.9432,0.521789,0.346651,0.5227 0 18
8.3,75.9991,0.544544,0.343243,0.525447 0 18
8.31,79.0203,0.567595,0.339855,0.52833 0 18
8.32,81.9606,0.590778,0.33649,0.531342 0 18
8.33,84.7744,0.613917,0.333152,0.534479 0 18
8.34,87.4196,0.636833,0.329841,0.53773 0 18
8.35,89.8615,0.659347,0.326559,0.541085 0 18
8.36,92.0746,0.681297,0.323307,0.544532 0 19
8.37,94.0442,0.702537,0.320085,0.548056 0 19
8.38,95.7663,0.722944,0.316894,0.551643 0 19
8.39,97.2467,0.742426,0.313733,0.555281 0 18
8.4,98.4988,0.760914,0.310603,0.558956 0 18
8.41,99.5417,0.77837,0.307504,0.562656 0 18
8.42,100.398,0.794777,0.304435,0.56637 0 18
8.43,101.09,0.810138,0.301397,0.570088 0 18
8.44,101.642,0.824474,0.298388,0.573803 0 18
8.45,102.075,0.837817,0.29541,0.577508 0 18
8.46,102.407,0.850207,0.292461,0.581197 0 18
8.47,102.655,0.861692,0.289541,0.584866 0 18
8.48,102.832,0.872322,0.286651,0.58851 0 18
8.49,102.95,0.882148,0.283789,0.592127 0 18
8.5,103.019,0.891223,0.280956,0.595714 0 18
8.51,103.047,0.899597,0.278151,0.599269 0 18
8.52,103.038,0.907319,0.275375,0.602792 0 18
8.53,102.998,0.914436,0.272626,0.60628 0 18
8.54,102.932,0.920993,0.269904,0.609732 0 18
8.55,102.842,0.927031,0.26721,0.613149 0 18
8.56,102.731,0.932591,0.264543,0.616529 0 18
8.57,102.601,0.937709,0.261902,0.619872 0 18
8.58,102.455,0.94242,0.259288,0.623178 0 18
8.59,102.292,0.946754,0.2567,0.626445 0 18
8.6,102.116,0.950743,0.254138,0.629675 0 18
8.61,101.926,0.954412,0.251602,0.632867 0 18
8.62,101.725,0.957788,0.249091,0.636021 0 18
8.63,101.512,0.960894,0.246605,0.639137 0 18
8.64,101.288,0.963751,0.244144,0.642215 0 18
8.65,101.054,0.966379,0.241708,0.645256 0 18
8.66,100.811,0.968796,0.239296,0.648258 0 18
8.67,100.559,0.97102,0.236909,0.651223 0 18
8.68,100.299,0.973065,0.234545,0.65415 0 18
8.69,100.03,0.974946,0.232206,0.65704 0 18
8.7,99.7543,0.976677,0.229889,0.659893 0 18
8.71,99.4711,0.978268,0.227596,0.662709 0 18
8.72,99.1809,0.979732,0.225326,0.665488 0 18
8.73,98.8842,0.981077,0.223079,0.668231 0 18
8.74,98.5811,0.982315,0.220854,0.670937 0 18
8.75,98.2721,0.983453,0.218652,0.673608 0 18
8.76,97.9572,0.984499,0.216472,0.676243 0 18
8.77,97.6369,0.98546,0.214314,0.678843 0 18
8.78,97.3112,0.986343,0.212177,0.681407 0 18
8.79,96.9805,0.987154,0.210062,0.683937 0 18
8.8,96.6449,0.987899,0.207968,0.686432 0 18
8.81,96.3046,0.988582,0.205896,0.688893 0 18
8.82,95.9598,0.98921,0.203844,0.69132 0 18
8.83,95.6107,0.989784,0.201813,0.693714 0 18
8.84,95.2575,0.990311,0.199802,0.696074 0 18
8.85,94.9003,0.990793,0.197812,0.698401 0 18
8.86,94.5392,0.991234,0.195842,0.700696 0 18
8.87,94.1745,0.991636,0.193892,0.702958 0 18
8.88,93.8063,0.992004,0.191961,0.705188 0 18
8.89,93.4347,0.992338,0.19005,0.707387 0 18
8.9,93.0599,0.992642,0.188158,0.709554 0 18
8.91,92.6819,0.992917,0.186285,0.711689 0 18
8.92,92.3009,0.993167,0.184431,0.713795 0 18
8.93,91.9171,0.993392,0.182596,0.715869 0 18
8.94,91.5305,0.993594,0.18078,0.717914 0 18
8.95,91.1412,0.993775,0.178982,0.719928 0 18
8.96,90.7494,0.993935,0.177202,0.721914 0 18
8.97,90.3552,0.994078,0.17544,0.72387 0 18
8.98,89.9586,0.994203,0.173696,0.725797 0 18
8.99,89.5598,0.994311,0.17197,0.727695 0 18
9,89.1589,0.994405,0.170261,0.729566 0 18
9.01,88.756,0.994483,0.16857,0.731408 0 17
9.02,88.351,0.994548,0.166896,0.733223 0 17
9.03,87.9443,0.994601,0.165239,0.73501 0 17
9.04,87.5357,0.994641,0.163599,0.73677 0 17
9.05,87.1255,0.994669,0.161975,0.738504 0 17
9.06,86.7136,0.994686,0.160368,0.740211 0 17
9.07,86.3002,0.994693,0.158778,0.741892 0 17
9.08,85.8854,0.99469,0.157204,0.743547 0 16
9.09,85.4691,0.994677,0.155645,0.745176 0 16
9.1,85.0516,0.994655,0.154103,0.74678 0 16
9.11,84.6328,0.994624,0.152577,0.748359 0 16
9.12,84.2128,0.994584,0.151066,0.749914 0 16
9.13,83.7918,0.994536,0.149571,0.751444 0 16
9.14,83.3697,0.99448,0.148091,0.752949 0 16
9.15,82.9466,0.994415,0.146627,0.754431 0 16
9.16,82.5225,0.994343,0.145177,0.755889 0 16
9.17,82.0976,0.994264,0.143743,0.757324 0 16
9.18,81.672,0.994177,0.142323,0.758736 0 16
9.19,81.2455,0.994082,0.140918,0.760125 0 16
9.2,80.8184,0.993981,0.139527,0.761491 0 16
9.21,80.3906,0.993872,0.138151,0.762835 0 16
9.22,79.9622,0.993756,0.136789,0.764157 0 16
9.23,79.5333,0.993632,0.135442,0.765456 0 16
9.24,79.1039,0.993502,0.134108,0.766735 0 16
9.25,78.674,0.993365,0.132789,0.767992 0 16
9.26,78.2437,0.99322,0.131483,0.769228 0 16
9.27,77.8131,0.993069,0.130191,0.770443 0 16
9.28,77.3821,0.99291,0.128912,0.771637 0 16
9.29,76.9509,0.992744,0.127647,0.772811 0 16
9.3,76.5194,0.99257,0.126395,0.773965 0 16
9.31,76.0877,0.99239,0.125156,0.775099 0 16
9.32,75.6559,0.992202,0.123931,0.776213 0 16
9.33,75.2239,0.992006,0.122718,0.777307 0 16
9.34,74.7919,0.991802,0.121518,0.778382 0 16
9.35,74.3598,0.991591,0.120331,0.779438 0 16
9.36,73.9276,0.991372,0.119157,0.780476 0 16
9.37,73.4955,0.991145,0.117995,0.781494 0 16
9.38,73.0634,0.990909,0.116846,0.782494 0 16
9.39,72.6314,0.990666,0.115709,0.783476 0 16
9.4,72.1995,0.990413,0.114585,0.78444 0 16
9.41,71.7677,0.990152,0.113472,0.785385 0 16
9.42,71.3361,0.989882,0.112372,0.786313 0 16
9.43,70.9046,0.989603,0.111283,0.787224 0 16
9.44,70.4734,0.989315,0.110207,0.788117 0 16
9.45,70.0424,0.989017,0.109142,0.788993 0 16
9.46,69.6116,0.988709,0.108089,0.789853 0 16
9.47,69.1812,0.988392,0.107047,0.790695 0 16
9.48,68.751,0.988064,0.106017,0.791521 0 16
9.49,68.3212,0.987726,0.104999,0.79233 0 16
9.5,67.8917,0.987377,0.103992,0.793123 0 16
9.51,67.4625,0.987017,0.102996,0.7939 0 16
9.52,67.0338,0.986646,0.102011,0.794661 0 16
9.53,66.6055,0.986263,0.101038,0.795407 0 16
9.54,66.1776,0.985869,0.100075,0.796136 0 16
9.55,65.7501,0.985462,0.0991235,0.796851 0 16
9.56,65.3231,0.985043,0.0981828,0.79755 0 16
9.57,64.8965,0.984611,0.097253,0.798233 0 16
9.58,64.4705,0.984167,0.0963339,0.798902 0 16
9.59,64.0449,0.983708,0.0954254,0.799556 0 16
9.6,63.6199,0.983236,0.0945276,0.800196 0 16
9.61,63.1954,0.98275,0.0936404,0.800821 0 16
9.62,62.7714,0.98225,0.0927636,0.801431 0 16
9.63,62.348,0.981734,0.0918972,0.802027 0 16
9.64,61.9252,0.981203,0.0910412,0.802609 0 16
9.65,61.5029,0.980657,0.0901954,0.803177 0 16
9.66,61.0812,0.980095,0.0893599,0.803731 0 16
9.67,60.6601,0.979516,0.0885346,0.804272 0 16
9.68,60.2396,0.97892,0.0877194,0.804799 0 16
9.69,59.8197,0.978307,0.0869143,0.805312 0 16
9.7,59.4005,0.977676,0.0861192,0.805812 0 16
9.71,58.9818,0.977027,0.0853341,0.806299 0 16
9.72,58.5638,0.97636,0.0845589,0.806773 0 16
9.73,58.1464,0.975673,0.0837935,0.807233 0 16
9.74,57.7297,0.974967,0.083038,0.807681 0 16
9.75,57.3136,0.97424,0.0822922,0.808116 0 16
9.76,56.8982,0.973493,0.0815562,0.808539 0 16
9.77,56.4834,0.972724,0.0808299,0.808949 0 16
9.78,56.0693,0.971934,0.0801132,0.809346 0 16
9.79,55.6558,0.971121,0.0794061,0.809732 0 16
9.8,55.243,0.970286,0.0787086,0.810105 0 16
9.81,54.8309,0.969427,0.0780206,0.810466 0 16
9.82,54.4194,0.968544,0.0773422,0.810815 0 16
9.83,54.0086,0.967637,0.0766731,0.811152 0 16
9.84,53.5984,0.966704,0.0760135,0.811477 0 16
9.85,53.1889,0.965745,0.0753634,0.81179 0 16
9.86,52.7801,0.96476,0.0747225,0.812092 0 16
9.87,52.3718,0.963748,0.074091,0.812383 0 16
9.88,51.9643,0.962708,0.0734688,0.812662 0 16
9.89,51.5574,0.96164,0.0728559,0.812929 0 16
9.9,51.1511,0.960542,0.0722523,0.813186 0 16
9.91,50.7454,0.959414,0.0716578,0.813431 0 16
9.92,50.3404,0.958256,0.0710726,0.813665 0 16
9.93,49.9359,0.957067,0.0704966,0.813888 0 16
9.94,49.5321,0.955845,0.0699297,0.8141 0 16
9.95,49.1289,0.95459,0.069372,0.814302 0 16
9.96,48.7262,0.953302,0.0688234,0.814492 0 16
9.97,48.3241,0.951979,0.0682839,0.814672 0 16
9.98,47.9225,0.950621,0.0677534,0.814842 0 16
9.99,47.5215,0.949226,0.0672321,0.815 0 16
10,47.121,0.947795,0.0667198,0.815149 0 16
10.01,46.721,0.946326,0.0662165,0.815287 0 16
10.02,46.3215,0.944817,0.0657223,0.815414 0 16
10.03,45.9224,0.94327,0.0652371,0.815532 0 16
10.04,45.5238,0.941681,0.0647608,0.815639 0 16
10.05,45.1256,0.940051,0.0642936,0.815736 0 16
10.06,44.7278,0.938379,0.0638354,0.815823 0 16
10.07,44.3303,0.936663,0.0633861,0.8159 0 16
10.08,43.9331,0.934902,0.0629458,0.815967 0 16
10.09,43.5363,0.933096,0.0625144,0.816025 0 16
10.1,43.1397,0.931244,0.062092,0.816072 0 16
10.11,42.7433,0.929343,0.0616786,0.81611 0 16
10.12,42.3471,0.927394,0.0612741,0.816138 0 16
10.13,41.9511,0.925395,0.0608785,0.816156 0 16
10.14,41.5551,0.923344,0.0604919,0.816164 0 16
10.15,41.1592,0.921242,0.0601142,0.816164 0 16
10.16,40.7633,0.919086,0.0597454,0.816153 0 16
10.17,40.3674,0.916875,0.0593856,0.816133 0 16
10.18,39.9714,0.914609,0.0590346,0.816104 0 16
10.19,39.5751,0.912285,0.0586927,0.816065 0 16
10.2,39.1787,0.909902,0.0583596,0.816017 0 16
10.21,38.782,0.90746,0.0580355,0.815959 0 16
10.22,38.3849,0.904956,0.0577204,0.815892 0 16
10.23,37.9874,0.902389,0.0574142,0.815816 0 16
10.24,37.5894,0.899758,0.0571169,0.815731 0 15
10.25,37.1907,0.897062,0.0568287,0.815636 0 15
10.26,36.7915,0.894298,0.0565494,0.815532 0 15
10.27,36.3914,0.891465,0.0562791,0.815419 0 16
10.28,35.9905,0.888561,0.0560178,0.815297 0 16
10.29,35.5887,0.885585,0.0557655,0.815166 0 16
10.3,35.1857,0.882535,0.0555223,0.815025 0 16
10.31,34.7817,0.879409,0.0552881,0.814876 0 16
10.32,34.3763,0.876206,0.0550629,0.814717 0 16
10.33,33.9696,0.872922,0.0548469,0.814549 0 16
10.34,33.5613,0.869557,0.05464,0.814373 0 16
10.35,33.1514,0.866108,0.0544422,0.814187 0 16
10.36,32.7397,0.862574,0.0542536,0.813991 0 16
10.37,32.3261,0.858951,0.0540742,0.813787 0 16
10.38,31.9104,0.855238,0.0539041,0.813574 0 16
10.39,31.4925,0.851432,0.0537432,0.813351 0 16
10.4,31.0723,0.847532,0.0535916,0.813119 0 16
10.41,30.6494,0.843533,0.0534494,0.812878 0 16
10.42,30.2239,0.839434,0.0533166,0.812628 0 16
10.43,29.7955,0.835232,0.0531933,0.812369 0 16
10.44,29.364,0.830924,0.0530794,0.8121 0 16
10.45,28.9293,0.826507,0.0529752,0.811822 0 16
10.46,28.4911,0.821978,0.0528805,0.811535 0 16
10.47,28.0493,0.817334,0.0527955,0.811238 0 16
10.48,27.6036,0.812571,0.0527203,0.810931 0 16
10.49,27.1538,0.807687,0.0526549,0.810615 0 16
10.5,26.6997,0.802677,0.0525995,0.81029 0 16
10.51,26.2411,0.797538,0.052554,0.809955 0 16
10.52,25.7778,0.792266,0.0525186,0.80961 0 16
10.53,25.3095,0.786857,0.0524935,0.809255 0 16
10.54,24.836,0.781308,0.0524785,0.80889 0 16
10.55,24.357,0.775613,0.052474,0.808516 0 16
10.56,23.8724,0.769768,0.05248,0.808131 0 16
10.57,23.3818,0.763769,0.0524966,0.807737 0 16
10.58,22.885,0.75761,0.052524,0.807332 0 16
10.59,22.3818,0.751288,0.0525623,0.806916 0 16
10.6,21.8719,0.744797,0.0526116,0.80649 0 16
10.61,21.3551,0.738132,0.0526721,0.806054 0 16
10.62,20.8311,0.731288,0.0527439,0.805607 0 16
10.63,20.2997,0.724259,0.0528273,0.805149 0 16
10.64,19.7606,0.71704,0.0529224,0.80468 0 16
10.65,19.2137,0.709624,0.0530294,0.804201 0 16
10.66,18.6587,0.702007,0.0531484,0.80371 0 16
10.67,18.0954,0.694182,0.0532798,0.803207 0 16
10.68,17.5237,0.686144,0.0534237,0.802694 0 16
10.69,16.9433,0.677887,0.0535804,0.802168 0 16
10.7,16.3542,0.669405,0.0537501,0.801631 0 16
10.71,15.7562,0.660691,0.0539332,0.801083 0 16
10.72,15.1493,0.651742,0.0541298,0.800522 0 16
10.73,14.5334,0.64255,0.0543402,0.799949 0 16
10.74,13.9085,0.633111,0.0545649,0.799364 0 16
10.75,13.2747,0.62342,0.0548041,0.798767 0 16
10.76,12.6322,0.613472,0.0550581,0.798157 0 16
10.77,11.981,0.603264,0.0553274,0.797535 0 17
10.78,11.3215,0.592791,0.0556123,0.7969 0 17
10.79,10.6539,0.582053,0.0559132,0.796252 0 18
10.8,9.97887,0.571046,0.0562306,0.795591 0 18
10.81,9.29677,0.559771,0.0565648,0.794917 0 17
10.82,8.6083,0.548227,0.0569163,0.794231 0 17
10.83,7.9142,0.536418,0.0572856,0.793531 0 17
10.84,7.21535,0.524347,0.0576732,0.792818 0 18
10.85,6.51274,0.512019,0.0580795,0.792092 0 18
10.86,5.80752,0.499441,0.0585049,0.791353 0 18
10.87,5.10092,0.486625,0.0589501,0.790601 0 18
10.88,4.39434,0.473581,0.0594154,0.789836 0 18
10.89,3.68927,0.460324,0.0599013,0.789059 0 18
10.9,2.98734,0.446873,0.0604083,0.788268 0 18
10.91,2.29025,0.433247,0.0609367,0.787465 0 18
10.92,1.59982,0.419468,0.0614871,0.786649 0 18
10.93,0.91791,0.405565,0.0620596,0.785822 0 18
10.94,0.246438,0.391564,0.0626546,0.784982 0 18
10.95,-0.412669,0.377498,0.0632723,0.784131 0 18
10.96,-1.0575,0.3634,0.0639128,0.783268 0 18
10.97,-1.68619,0.349307,0.0645762,0.782395 0 18
10.98,-2.29696,0.335257,0.0652626,0.78151 0 18
10.99,-2.88813,0.321288,0.0659717,0.780616 0 18
11,-3.45818,0.30744,0.0667033,0.779712 0 18
11.01,-4.00576,0.293753,0.0674573,0.778799 0 18
11.02,-4.52972,0.280266,0.068233,0.777877 0 18
11.03,-5.02913,0.267018,0.0690301,0.776946 0 18
11.04,-5.50329,0.254044,0.0698479,0.776008 0 18
11.05,-5.95174,0.241379,0.0706858,0.775062 0 18
11.06,-6.37426,0.229053,0.0715429,0.77411 0 18
11.07,-6.77086,0.217095,0.0724184,0.773151 0 18
11.08,-7.1418,0.205528,0.0733114,0.772187 0 18
11.09,-7.48751,0.194373,0.0742211,0.771217 0 18
11.1,-7.80862,0.183644,0.0751463,0.770243 0 18
11.11,-8.10591,0.173355,0.0760862,0.769264 0 18
11.12,-8.38032,0.163513,0.0770396,0.768282 0 18
11.13,-8.63287,0.154122,0.0780057,0.767296 0 18
11.14,-8.86468,0.145184,0.0789834,0.766307 0 18
11.15,-9.0769,0.136694,0.0799719,0.765316 0 18
11.16,-9.27075,0.128648,0.08097,0.764323 0 18
11.17,-9.44742,0.121038,0.0819771,0.763327 0 18
11.18,-9.60814,0.113853,0.0829921,0.76233 0 18
11.19,-9.75407,0.107081,0.0840144,0.761332 0 18
11.2,-9.88637,0.100708,0.0850431,0.760333 0 18
11.21,-10.0062,0.0947196,0.0860776,0.759333 0 18
11.22,-10.1145,0.0891,0.0871173,0.758333 0 18
11.23,-10.2123,0.0838329,0.0881614,0.757332 0 18
11.24,-10.3006,0.0789018,0.0892094,0.756331 0 18
11.25,-10.3802,0.07429,0.0902609,0.755331 0 18
11.26,-10.452,0.0699808,0.0913154,0.754331 0 18
11.27,-10.5167,0.0659579,0.0923723,0.753331 0 18
11.28,-10.5749,0.062205,0.0934315,0.752331 0 18
11.29,-10.6274,0.0587066,0.0944924,0.751333 0 18
11.3,-10.6747,0.0554475,0.0955547,0.750335 0 18
11.31,-10.7173,0.0524131,0.0966183,0.749338 0 18
11.32,-10.7557,0.0495893,0.0976828,0.748342 0 18
11.33,-10.7904,0.0469627,0.0987479,0.747347 0 18
11.34,-10.8217,0.0445208,0.0998136,0.746353 0 18
11.35,-10.8499,0.0422512,0.100879,0.74536 0 18
11.36,-10.8755,0.0401427,0.101946,0.744368 0 18
11.37,-10.8986,0.0381845,0.103012,0.743378 0 18
11.38,-10.9196,0.0363662,0.104077,0.742389 0 18
11.39,-10.9387,0.0346784,0.105143,0.741401 0 18
11.4,-10.956,0.033112,0.106208,0.740414 0 18
11.41,-10.9719,0.0316587,0.107273,0.739429 0 18
11.42,-10.9863,0.0303105,0.108337,0.738446 0 18
11.43,-10.9996,0.0290599,0.1094,0.737463 0 18
11.44,-11.0117,0.0279002,0.110463,0.736483 0 18
11.45,-11.0229,0.0268249,0.111525,0.735503 0 18
11.46,-11.0333,0.0258279,0.112586,0.734526 0 18
11.47,-11.0429,0.0249036,0.113646,0.733549 0 18
11.48,-11.0518,0.0240467,0.114705,0.732574 0 18
11.49,-11.0601,0.0232526,0.115764,0.731601 0 18
11.5,-11.0679,0.0225165,0.116821,0.730629 0 18
11.51,-11.0752,0.0218342,0.117877,0.729659 0 18
11.52,-11.0821,0.021202,0.118932,0.72869 0 18
11.53,-11.0887,0.020616,0.119986,0.727723 0 18
11.54,-11.0949,0.020073,0.12104,0.726758 0 18
11.55,-11.1008,0.0195698,0.122091,0.725794 0 18
11.56,-11.1065,0.0191034,0.123142,0.724831 0 18
11.57,-11.112,0.0186712,0.124192,0.72387 0 18
11.58,-11.1173,0.0182707,0.125241,0.722911 0 18
11.59,-11.1225,0.0178994,0.126288,0.721953 0 18
11.6,-11.1275,0.0175553,0.127334,0.720997 0 18
11.61,-11.1324,0.0172364,0.128379,0.720042 0 18
11.62,-11.1372,0.0169407,0.129423,0.719089 0 18
11.63,-11.142,0.0166666,0.130466,0.718138 0 18
11.64,-11.1466,0.0164125,0.131507,0.717188 0 18
11.65,-11.1512,0.0161768,0.132548,0.716239 0 18
11.66,-11.1558,0.0159582,0.133587,0.715292 0 18
11.67,-11.1604,0.0157555,0.134625,0.714347 0 18
11.68,-11.165,0.0155673,0.135662,0.713403 0 18
11.69,-11.1695,0.0153928,0.136697,0.712461 0 18
11.7,-11.1741,0.0152307,0.137732,0.71152 0 18
11.71,-11.1787,0.0150803,0.138765,0.710581 0 18
11.72,-11.1833,0.0149406,0.139797,0.709644 0 18
11.73,-11.1879,0.0148108,0.140828,0.708707 0 18
11.74,-11.1926,0.0146901,0.141858,0.707773 0 18
11.75,-11.1973,0.014578,0.142886,0.70684 0 18
11.76,-11.202,0.0144736,0.143913,0.705908 0 18
11.77,-11.2069,0.0143765,0.14494,0.704978 0 18
11.78,-11.2117,0.0142861,0.145965,0.70405 0 18
11.79,-11.2167,0.0142019,0.146989,0.703123 0 18
11.8,-11.2217,0.0141234,0.148011,0.702198 0 18
11.81,-11.2268,0.0140502,0.149033,0.701274 0 18
11.82,-11.232,0.0139818,0.150053,0.700351 0 18
11.83,-11.2372,0.0139179,0.151073,0.69943 0 18
11.84,-11.2426,0.0138582,0.152091,0.698511 0 18
11.85,-11.248,0.0138023,0.153108,0.697593 0 18
11.86,-11.2535,0.0137499,0.154124,0.696676 0 18
11.87,-11.2591,0.0137007,0.155139,0.695761 0 18
11.88,-11.2649,0.0136546,0.156153,0.694848 0 18
11.89,-11.2707,0.0136111,0.157165,0.693936 0 18
11.9,-11.2766,0.0135703,0.158177,0.693025 0 18
11.91,-11.2827,0.0135317,0.159187,0.692116 0 18
11.92,-11.2888,0.0134953,0.160197,0.691209 0 18
11.93,-11.2951,0.0134608,0.161205,0.690302 0 18
11.94,-11.3015,0.0134282,0.162212,0.689398 0 18
11.95,-11.308,0.0133972,0.163219,0.688494 0 18
11.96,-11.3147,0.0133677,0.164224,0.687593 0 18
11.97,-11.3215,0.0133396,0.165228,0.686692 0 18
11.98,-11.3284,0.0133128,0.166231,0.685793 0 18
11.99,-11.3354,0.0132871,0.167233,0.684896 0 18
12,-11.3426,0.0132624,0.168234,0.683999 0 18
12.01,-11.35,0.0132388,0.169234,0.683105 0 18
12.02,-11.3574,0.0132159,0.170234,0.682211 0 18
12.03,-11.3651,0.0131939,0.171232,0.68132 0 18
12.04,-11.3728,0.0131725,0.172229,0.680429 0 18
12.05,-11.3808,0.0131518,0.173225,0.67954 0 18
12.06,-11.3889,0.0131316,0.17422,0.678652 0 18
12.07,-11.3971,0.013112,0.175214,0.677766 0 18
12.08,-11.4055,0.0130928,0.176208,0.676881 0 18
12.09,-11.4141,0.013074,0.1772,0.675997 0 18
12.1,-11.4229,0.0130555,0.178191,0.675115 0 18
12.11,-11.4318,0.0130373,0.179182,0.674234 0 18
12.12,-11.4409,0.0130194,0.180172,0.673355 0 18
12.13,-11.4502,0.0130017,0.18116,0.672477 0 18
12.14,-11.4597,0.0129841,0.182148,0.6716 0 18
12.15,-11.4694,0.0129667,0.183135,0.670724 0 18
12.16,-11.4792,0.0129494,0.184121,0.66985 0 18
12.17,-11.4893,0.0129322,0.185106,0.668977 0 18
12.18,-11.4995,0.012915,0.186091,0.668106 0 18
12.19,-11.51,0.0128978,0.187074,0.667236 0 18
12.2,-11.5207,0.0128807,0.188057,0.666367 0 18
12.21,-11.5315,0.0128635,0.189039,0.665499 0 18
12.22,-11.5426,0.0128462,0.19002,0.664633 0 18
12.23,-11.5539,0.0128289,0.191001,0.663768 0 18
12.24,-11.5655,0.0128115,0.19198,0.662905 0 18
12.25,-11.5772,0.0127939,0.192959,0.662042 0 18
12.26,-11.5892,0.0127762,0.193937,0.661181 0 18
12.27,-11.6014,0.0127584,0.194915,0.660321 0 18
12.28,-11.6139,0.0127404,0.195891,0.659463 0 18
12.29,-11.6266,0.0127223,0.196867,0.658605 0 18
12.3,-11.6396,0.0127039,0.197843,0.657749 0 18
12.31,-11.6528,0.0126853,0.198817,0.656894 0 18
12.32,-11.6663,0.0126666,0.199791,0.656041 0 18
12.33,-11.68,0.0126475,0.200764,0.655189 0 18
12.34,-11.694,0.0126283,0.201737,0.654337 0 18
12.35,-11.7083,0.0126087,0.202709,0.653487 0 18
12.36,-11.7228,0.0125889,0.20368,0.652639 0 18
12.37,-11.7377,0.0125688,0.204651,0.651791 0 18
12.38,-11.7528,0.0125485,0.205621,0.650945 0 18
12.39,-11.7682,0.0125278,0.206591,0.6501 0 18
12.4,-11.7839,0.0125068,0.20756,0.649256 0 18
12.41,-11.7999,0.0124855,0.208529,0.648413 0 18
12.42,-11.8162,0.0124638,0.209497,0.647571 0 18
12.43,-11.8329,0.0124419,0.210464,0.646731 0 18
12.44,-11.8498,0.0124195,0.211431,0.645891 0 18
12.45,-11.8671,0.0123968,0.212398,0.645053 0 18
12.46,-11.8847,0.0123738,0.213364,0.644216 0 18
12.47,-11.9027,0.0123504,0.21433,0.64338 0 18
12.48,-11.921,0.0123265,0.215295,0.642545 0 18
12.49,-11.9396,0.0123023,0.21626,0.641712 0 18
12.5,-11.9586,0.0122777,0.217224,0.640879 0 18
12.51,-11.978,0.0122527,0.218188,0.640047 0 18
12.52,-11.9977,0.0122273,0.219152,0.639217 0 18
12.53,-12.0178,0.0122015,0.220116,0.638388 0 18
12.54,-12.0383,0.0121752,0.221079,0.637559 0 18
12.55,-12.0592,0.0121484,0.222042,0.636732 0 18
12.56,-12.0805,0.0121213,0.223004,0.635906 0 18
12.57,-12.1022,0.0120937,0.223967,0.635081 0 18
12.58,-12.1243,0.0120656,0.224929,0.634256 0 18
12.59,-12.1469,0.012037,0.225891,0.633433 0 18
12.6,-12.1698,0.012008,0.226852,0.632611 0 18
12.61,-12.1932,0.0119785,0.227814,0.63179 0 18
12.62,-12.2171,0.0119485,0.228776,0.63097 0 18
12.63,-12.2414,0.0119179,0.229737,0.630151 0 18
12.64,-12.2661,0.0118869,0.230698,0.629333 0 18
12.65,-12.2914,0.0118554,0.231659,0.628515 0 18
12.66,-12.3171,0.0118233,0.23262,0.627699 0 18
12.67,-12.3433,0.0117907,0.233582,0.626884 0 18
12.68,-12.37,0.0117576,0.234543,0.62607 0 18
12.69,-12.3972,0.0117239,0.235504,0.625256 0 18
12.7,-12.425,0.0116896,0.236465,0.624444 0 18
12.71,-12.4532,0.0116548,0.237426,0.623632 0 18
12.72,-12.4821,0.0116195,0.238388,0.622821 0 18
12.73,-12.5114,0.0115835,0.239349,0.622011 0 18
12.74,-12.5413,0.0115469,0.240311,0.621202 0 18
12.75,-12.5718,0.0115098,0.241273,0.620394 0 18
12.76,-12.6029,0.011472,0.242235,0.619587 0 18
12.77,-12.6346,0.0114337,0.243197,0.61878 0 18
12.78,-12.6669,0.0113947,0.24416,0.617975 0 18
12.79,-12.6998,0.0113551,0.245123,0.61717 0 17
12.8,-12.7333,0.0113148,0.246086,0.616366 0 17
12.81,-12.7675,0.0112739,0.24705,0.615562 0 17
12.82,-12.8024,0.0112324,0.248014,0.61476 0 17
12.83,-12.8379,0.0111901,0.248979,0.613958 0 17
12.84,-12.8741,0.0111472,0.249944,0.613157 0 17
12.85,-12.911,0.0111037,0.250909,0.612357 0 17
12.86,-12.9486,0.0110594,0.251875,0.611557 0 17
12.87,-12.9869,0.0110144,0.252842,0.610758 0 17
12.88,-13.026,0.0109688,0.253809,0.60996 0 17
12.89,-13.0659,0.0109224,0.254777,0.609163 0 17
12.9,-13.1065,0.0108753,0.255746,0.608366 0 17
12.91,-13.1479,0.0108274,0.256715,0.60757 0 17
12.92,-13.1901,0.0107788,0.257685,0.606774 0 17
12.93,-13.2332,0.0107295,0.258656,0.605979 0 17
12.94,-13.277,0.0106794,0.259628,0.605185 0 17
12.95,-13.3218,0.0106285,0.260601,0.604391 0 17
12.96,-13.3674,0.0105768,0.261575,0.603598 0 17
12.97,-13.4139,0.0105244,0.26255,0.602805 0 17
12.98,-13.4614,0.0104712,0.263525,0.602013 0 17
12.99,-13.5098,0.0104171,0.264502,0.601222 0 17
13,-13.5591,0.0103623,0.26548,0.600431 0 17
13.01,-13.6094,0.0103066,0.266459,0.59964 0 17
13.02,-13.6607,0.0102501,0.26744,0.59885 0 17
13.03,-13.713,0.0101927,0.268422,0.59806 0 17
13.04,-13.7664,0.0101345,0.269405,0.597271 0 17
13.05,-13.8209,0.0100755,0.270389,0.596482 0 17
13.06,-13.8764,0.0100156,0.271375,0.595694 0 18
13.07,-13.933,0.00995477,0.272362,0.594906 0 18
13.08,-13.9908,0.00989309,0.273352,0.594118 0 18
13.09,-14.0498,0.00983052,0.274342,0.593331 0 18
13.1,-14.1099,0.00976705,0.275334,0.592544 0 17
13.11,-14.1712,0.00970267,0.276329,0.591757 0 18
13.12,-14.2338,0.00963738,0.277325,0.590971 0 18
13.13,-14.2977,0.00957116,0.278322,0.590185 0 18
13.14,-14.3629,0.00950402,0.279322,0.589399 0 18
13.15,-14.4294,0.00943593,0.280324,0.588613 0 18
13.16,-14.4972,0.0093669,0.281328,0.587827 0 18
13.17,-14.5665,0.00929692,0.282334,0.587042 0 18
13.18,-14.6372,0.00922598,0.283342,0.586257 0 18
13.19,-14.7093,0.00915407,0.284353,0.585472 0 18
13.2,-14.783,0.00908119,0.285366,0.584687 0 18
13.21,-14.8581,0.00900733,0.286381,0.583902 0 18
13.22,-14.9349,0.00893249,0.2874,0.583117 0 18
13.23,-15.0132,0.00885666,0.28842,0.582332 0 18
13.24,-15.0932,0.00877984,0.289444,0.581547 0 18
13.25,-15.1748,0.00870202,0.29047,0.580762 0 18
13.26,-15.2582,0.00862319,0.2915,0.579977 0 18
13.27,-15.3434,0.00854336,0.292532,0.579192 0 18
13.28,-15.4303,0.00846252,0.293567,0.578407 0 18
13.29,-15.5191,0.00838067,0.294606,0.577622 0 18
13.3,-15.6098,0.0082978,0.295648,0.576836 0 18
13.31,-15.7024,0.00821392,0.296694,0.57605 0 18
13.32,-15.797,0.00812902,0.297743,0.575265 0 18
13.33,-15.8937,0.0080431,0.298796,0.574478 0 18
13.34,-15.9925,0.00795616,0.299852,0.573692 0 18
13.35,-16.0933,0.00786821,0.300913,0.572905 0 18
13.36,-16.1964,0.00777924,0.301977,0.572118 0 18
13.37,-16.3018,0.00768926,0.303046,0.57133 0 18
13.38,-16.4094,0.00759827,0.304119,0.570542 0 18
13.39,-16.5194,0.00750627,0.305196,0.569754 0 18
13.4,-16.6319,0.00741326,0.306278,0.568965 0 18
13.41,-16.7468,0.00731927,0.307365,0.568175 0 18
13.42,-16.8643,0.00722428,0.308457,0.567385 0 18
13.43,-16.9845,0.00712831,0.309554,0.566594 0 18
13.44,-17.1073,0.00703137,0.310656,0.565803 0 18
13.45,-17.2329,0.00693347,0.311763,0.565011 0 18
13.46,-17.3613,0.00683461,0.312876,0.564218 0 18
13.47,-17.4926,0.00673482,0.313994,0.563425 0 18
13.48,-17.627,0.0066341,0.315119,0.56263 0 18
13.49,-17.7644,0.00653246,0.31625,0.561835 0 18
13.5,-17.9049,0.00642994,0.317387,0.561039 0 18
13.51,-18.0487,0.00632654,0.31853,0.560242 0 18
13.52,-18.1958,0.00622228,0.319681,0.559444 0 18
13.53,-18.3464,0.00611719,0.320838,0.558645 0 18
13.54,-18.5005,0.00601128,0.322002,0.557844 0 18
13.55,-18.6582,0.00590459,0.323174,0.557043 0 18
13.56,-18.8196,0.00579713,0.324354,0.55624 0 18
13.57,-18.9848,0.00568894,0.325541,0.555437 0 18
13.58,-19.1539,0.00558004,0.326737,0.554632 0 18
13.59,-19.3271,0.00547048,0.327941,0.553825 0 18
13.6,-19.5045,0.00536027,0.329154,0.553017 0 18
13.61,-19.6861,0.00524947,0.330376,0.552208 0 18
13.62,-19.8722,0.0051381,0.331608,0.551397 0 18
13.63,-20.0627,0.00502621,0.332849,0.550585 0 18
13.64,-20.2579,0.00491385,0.3341,0.549771 0 18
13.65,-20.458,0.00480105,0.335362,0.548955 0 18
13.66,-20.6629,0.00468786,0.336635,0.548137 0 18
13.67,-20.873,0.00457435,0.337918,0.547318 0 18
13.68,-21.0882,0.00446055,0.339214,0.546497 0 18
13.69,-21.3089,0.00434653,0.340521,0.545673 0 18
13.7,-21.5352,0.00423234,0.341841,0.544848 0 18
13.71,-21.7671,0.00411804,0.343173,0.544021 0 18
13.72,-22.005,0.00400371,0.344519,0.543191 0 18
13.73,-22.249,0.0038894,0.345879,0.542359 0 18
13.74,-22.4992,0.00377519,0.347253,0.541525 0 18
13.75,-22.7559,0.00366115,0.348643,0.540688 0 18
13.76,-23.0193,0.00354735,0.350047,0.539849 0 18
13.77,-23.2964,0.00343388,0.351468,0.539007 0 18
13.78,-22.5916,0.0033204,0.352906,0.538163 0 20
13.79,-21.8385,0.00326462,0.35429,0.537331 0 20
13.8,-21.092,0.00326084,0.355617,0.536512 0 20
13.81,-20.3558,0.00330201,0.356891,0.535706 0 20
13.82,-19.6304,0.00338267,0.358113,0.534914 0 19
13.83,-18.9159,0.0034987,0.359287,0.534134 0 19
13.84,-18.2122,0.00364704,0.360415,0.533368 0 19
13.85,-17.5195,0.00382541,0.3615,0.532614 0 19
13.86,-16.8376,0.00403215,0.362542,0.531873 0 19
13.87,-16.1665,0.00426605,0.363544,0.531144 0 19
13.88,-15.506,0.0045263,0.364508,0.530428 0 19
13.89,-14.8561,0.00481237,0.365436,0.529725 0 19
13.9,-14.2166,0.00512393,0.366329,0.529034 0 19
13.91,-13.5873,0.00546086,0.367189,0.528355 0 19
13.92,-12.9682,0.00582317,0.368016,0.527688 0 19
13.93,-12.3589,0.00621099,0.368813,0.527034 0 19
13.94,-11.7594,0.00662454,0.36958,0.526392 0 19
13.95,-11.1694,0.0070641,0.370318,0.525762 0 19
13.96,-10.5887,0.00753001,0.371029,0.525143 0 19
13.97,-10.0171,0.00802268,0.371714,0.524537 0 19
13.98,-9.45451,0.00854253,0.372373,0.523942 0 19
13.99,-8.90058,0.00909002,0.373007,0.52336 0 19
14,-8.35516,0.00966563,0.373617,0.522789 0 19
14.01,-7.81802,0.0102699,0.374204,0.52223 0 19
14.02,-7.28897,0.0109032,0.374768,0.521682 0 19
14.03,-6.7678,0.0115663,0.375311,0.521146 0 19
14.04,-6.25431,0.0122595,0.375831,0.520622 0 19
14.05,-5.7483,0.0129835,0.376331,0.520109 0 19
14.06,-5.24958,0.0137387,0.376811,0.519608 0 19
14.07,-4.75795,0.0145257,0.37727,0.519118 0 18
14.08,-4.27322,0.0153451,0.37771,0.51864 0 19
14.09,-3.79523,0.0161974,0.37813,0.518173 0 19
14.1,-3.32379,0.0170831,0.378532,0.517717 0 19
14.11,-2.85874,0.0180027,0.378915,0.517273 0 19
14.12,-2.3999,0.0189568,0.37928,0.51684 0 19
14.13,-1.94711,0.0199459,0.379627,0.516418 0 19
14.14,-1.50023,0.0209705,0.379956,0.516008 0 19
14.15,-1.0591,0.0220311,0.380268,0.515609 0 19
14.16,-0.623565,0.0231282,0.380562,0.51522 0 19
14.17,-0.193493,0.0242622,0.38084,0.514843 0 19
14.18,0.23126,0.0254337,0.3811,0.514477 0 19
14.19,0.650832,0.0266431,0.381343,0.514123 0 19
14.2,1.06536,0.0278908,0.38157,0.513779 0 19
14.21,1.47498,0.0291774,0.38178,0.513446 0 19
14.22,1.87983,0.0305032,0.381974,0.513124 0 19
14.23,2.28004,0.0318687,0.382151,0.512813 0 19
14.24,2.67576,0.0332742,0.382312,0.512513 0 19
14.25,3.06715,0.0347202,0.382457,0.512224 0 19
14.26,3.45434,0.0362072,0.382586,0.511946 0 19
14.27,3.83751,0.0377355,0.382698,0.511679 0 19
14.28,4.21684,0.0393055,0.382794,0.511423 0 19
14.29,4.59251,0.0409176,0.382874,0.511177 0 19
14.3,4.96474,0.0425723,0.382937,0.510942 0 19
14.31,5.33377,0.04427,0.382985,0.510718 0 19
14.32,5.69984,0.0460113,0.383016,0.510505 0 19
14.33,6.06325,0.0477966,0.383031,0.510302 0 18
14.34,6.42432,0.0496265,0.383029,0.510111 0 17
14.35,6.7834,0.0515016,0.383011,0.50993 0 17
14.36,7.1409,0.0534226,0.382977,0.50976 0 17
14.37,7.49726,0.0553903,0.382926,0.5096 0 17
14.38,7.85299,0.0574056,0.382858,0.509452 0 17
14.39,8.20865,0.0594696,0.382772,0.509314 0 17
14.4,8.56487,0.0615833,0.38267,0.509188 0 17
14.41,8.92233,0.0637483,0.38255,0.509073 0 17
14.42,9.28181,0.0659661,0.382412,0.508968 0 17
14.43,9.64415,0.0682384,0.382256,0.508875 0 17
14.44,10.0103,0.0705675,0.382082,0.508794 0 17
14.45,10.3812,0.0729557,0.381888,0.508724 0 17
14.46,10.7581,0.0754057,0.381675,0.508666 0 17
14.47,11.142,0.0779209,0.381441,0.508621 0 17
14.48,11.5343,0.0805047,0.381187,0.508588 0 17
14.49,11.9364,0.0831614,0.380911,0.508567 0 17
14.5,12.3495,0.0858955,0.380612,0.50856 0 17
14.51,12.7752,0.0887123,0.380289,0.508567 0 17
14.52,13.2148,0.0916175,0.379942,0.508588 0 17
14.53,13.6699,0.0946177,0.379569,0.508624 0 17
14.54,14.1418,0.0977199,0.379168,0.508675 0 17
14.55,14.6318,0.100932,0.378737,0.508742 0 17
14.56,15.1412,0.104262,0.378276,0.508826 0 17
14.57,15.6709,0.10772,0.377782,0.508928 0 17
14.58,16.2218,0.111314,0.377254,0.509048 0 17
14.59,16.7946,0.115056,0.376688,0.509188 0 17
14.6,17.3898,0.118956,0.376082,0.509349 0 17
14.61,18.0075,0.123024,0.375435,0.50953 0 17
14.62,18.6479,0.127273,0.374743,0.509735 0 17
14.63,19.3108,0.131713,0.374004,0.509962 0 17
14.64,19.996,0.136357,0.373215,0.510215 0 17
14.65,20.7032,0.141216,0.372373,0.510493 0 17
14.66,21.432,0.146302,0.371475,0.510797 0 17
14.67,22.182,0.151627,0.370519,0.51113 0 17
14.68,22.9531,0.157203,0.369501,0.511491 0 17
14.69,23.7449,0.163041,0.368419,0.511883 0 17
14.7,24.5574,0.169153,0.36727,0.512305 0 17
14.71,25.3907,0.17555,0.366051,0.51276 0 17
14.72,26.245,0.182243,0.36476,0.513248 0 17
14.73,27.1211,0.189244,0.363394,0.513771 0 17
14.74,28.0199,0.196564,0.361952,0.514329 0 17
14.75,28.9429,0.204215,0.360431,0.514924 0 17
14.76,29.892,0.212208,0.358829,0.515558 0 17
14.77,30.8698,0.220557,0.357145,0.51623 0 17
14.78,31.8794,0.229273,0.355378,0.516944 0 17
14.79,32.9246,0.238373,0.353526,0.517701 0 17
14.8,34.0097,0.247871,0.351589,0.518502 0 17
14.81,35.1396,0.257783,0.349566,0.51935 0 17
14.82,36.3198,0.26813,0.347457,0.520246 0 17
14.83,37.5564,0.27893,0.345263,0.521194 0 17
14.84,38.8556,0.290207,0.342984,0.522195 0 17
14.85,40.2242,0.301982,0.340622,0.523254 0 18
14.86,41.6691,0.314282,0.338178,0.524373 0 18
14.87,43.1972,0.327131,0.335657,0.525556 0 18
14.88,44.8155,0.340556,0.333062,0.526807 0 18
14.89,46.5304,0.354583,0.330398,0.528131 0 18
14.9,48.3478,0.369236,0.327671,0.529532 0 18
14.91,50.2725,0.384535,0.324887,0.531014 0 18
14.92,52.3078,0.400498,0.322054,0.532583 0 18
14.93,54.455,0.417134,0.319181,0.534243 0 18
14.94,56.713,0.434445,0.316275,0.536 0 18
14.95,59.0773,0.452422,0.313345,0.537858 0 18
14.96,61.5397,0.471041,0.310399,0.539822 0 17
14.97,64.0876,0.490266,0.307444,0.541895 0 18
14.98,66.7037,0.510041,0.304488,0.54408 0 18
14.99,69.366,0.530293,0.301536,0.546379 0 18
15,72.0482,0.550932,0.298594,0.548792 0 18
15.01,74.72,0.57185,0.295665,0.551318 0 18
15.02,77.3491,0.592926,0.292753,0.553956 0 18
15.03,79.9022,0.614027,0.289862,0.5567 0 18
15.04,82.3471,0.635016,0.286992,0.559546 0 18
15.05,84.6547,0.655753,0.284145,0.562485 0 18
15.06,86.8009,0.676104,0.281323,0.565509 0 18
15.07,88.7674,0.695945,0.278526,0.568608 0 18
15.08,90.5431,0.715166,0.275754,0.571773 0 18
15.09,92.1235,0.733674,0.273009,0.574993 0 18
15.1,93.5106,0.751397,0.270289,0.578257 0 18
15.11,94.7118,0.76828,0.267596,0.581555 0 18
15.12,95.7385,0.78429,0.264929,0.584878 0 18
15.13,96.6049,0.799408,0.262287,0.588217 0 18
15.14,97.3266,0.813633,0.259672,0.591564 0 18
15.15,97.9196,0.826976,0.257082,0.594912 0 18
15.16,98.3996,0.839458,0.254518,0.598256 0 18
15.17,98.7811,0.851108,0.251979,0.601589 0 18
15.18,99.0774,0.861959,0.249466,0.604908 0 17
15.19,99.3001,0.872051,0.246978,0.608209 0 17
15.2,99.4593,0.881423,0.244514,0.611488 0 17
15.21,99.5638,0.890117,0.242075,0.614744 0 17
15.22,99.6209,0.898174,0.23966,0.617973 0 17
15.23,99.6368,0.905635,0.237269,0.621175 0 17
15.24,99.6166,0.912539,0.234903,0.624348 0 17
15.25,99.5648,0.918925,0.232559,0.62749 0 17
15.26,99.4849,0.924828,0.23024,0.630601 0 17
15.27,99.38,0.930283,0.227943,0.633679 0 17
15.28,99.2527,0.935323,0.22567,0.636725 0 17
15.29,99.1051,0.939977,0.223419,0.639738 0 17
15.3,98.9391,0.944275,0.221191,0.642717 0 17
15.31,98.7562,0.948243,0.218985,0.645662 0 17
15.32,98.5579,0.951906,0.216801,0.648572 0 17
15.33,98.3453,0.955286,0.21464,0.651448 0 17
15.34,98.1196,0.958406,0.2125,0.65429 0 17
15.35,97.8816,0.961285,0.210381,0.657097 0 17
15.36,97.6321,0.963941,0.208284,0.659869 0 17
15.37,97.3719,0.966392,0.206208,0.662607 0 17
15.38,97.1017,0.968653,0.204152,0.66531 0 17
15.39,96.822,0.970739,0.202117,0.667979 0 17
15.4,96.5334,0.972663,0.200103,0.670613 0 17
15.41,96.2364,0.974438,0.198109,0.673213 0 17
15.42,95.9315,0.976074,0.196135,0.675779 0 17
15.43,95.6191,0.977584,0.194181,0.678311 0 17
15.44,95.2996,0.978975,0.192247,0.680809 0 17
15.45,94.9733,0.980258,0.190332,0.683274 0 17
15.46,94.6406,0.98144,0.188437,0.685705 0 17
15.47,94.3018,0.98253,0.18656,0.688103 0 17
15.48,93.9572,0.983533,0.184703,0.690468 0 17
15.49,93.6072,0.984457,0.182864,0.692801 0 17
15.5,93.2519,0.985307,0.181044,0.695101 0 17
15.51,92.8916,0.98609,0.179242,0.697369 0 17
15.52,92.5265,0.986809,0.177458,0.699606 0 16
15.53,92.157,0.987469,0.175693,0.70181 0 16
15.54,91.7831,0.988076,0.173945,0.703983 0 16
15.55,91.4052,0.988632,0.172215,0.706126 0 16
15.56,91.0233,0.989141,0.170503,0.708237 0 16
15.57,90.6377,0.989607,0.168808,0.710318 0 16
15.58,90.2486,0.990033,0.16713,0.712369 0 16
15.59,89.8561,0.990421,0.165469,0.714389 0 16
15.6,89.4605,0.990774,0.163825,0.716381 0 16
15.61,89.0617,0.991095,0.162198,0.718342 0 16
15.62,88.6601,0.991385,0.160587,0.720275 0 16
15.63,88.2557,0.991646,0.158993,0.722179 0 16
15.64,87.8487,0.991881,0.157414,0.724054 0 16
15.65,87.4393,0.992091,0.155852,0.725902 0 16
15.66,87.0275,0.992278,0.154306,0.727721 0 16
15.67,86.6134,0.992442,0.152776,0.729513 0 16
15.68,86.1973,0.992586,0.151261,0.731277 0 16
15.69,85.7791,0.99271,0.149762,0.733015 0 16
15.7,85.3591,0.992816,0.148278,0.734725 0 16
15.71,84.9372,0.992904,0.14681,0.736409 0 16
15.72,84.5137,0.992976,0.145356,0.738067 0 16
15.73,84.0886,0.993032,0.143918,0.739699 0 16
15.74,83.6621,0.993074,0.142494,0.741306 0 17
15.75,83.2341,0.9931,0.141085,0.742887 0 17
15.76,82.8048,0.993114,0.13969,0.744443 0 17
15.77,82.3743,0.993114,0.13831,0.745975 0 17
15.78,81.9427,0.993101,0.136944,0.747481 0 16
15.79,81.51,0.993077,0.135592,0.748964 0 16
15.8,81.0763,0.99304,0.134254,0.750423 0 16
15.81,80.6417,0.992993,0.13293,0.751857 0 16
15.82,80.2062,0.992934,0.13162,0.753269 0 16
15.83,79.77,0.992864,0.130323,0.754657 0 16
15.84,79.3331,0.992784,0.12904,0.756022 0 16
15.85,78.8955,0.992694,0.127771,0.757365 0 16
15.86,78.4573,0.992594,0.126514,0.758685 0 16
15.87,78.0187,0.992484,0.125271,0.759983 0 16
15.88,77.5795,0.992364,0.124041,0.76126 0 16
15.89,77.1399,0.992234,0.122824,0.762514 0 16
15.9,76.7,0.992095,0.12162,0.763747 0 16
15.91,76.2598,0.991946,0.120428,0.764959 0 16
15.92,75.8193,0.991788,0.119249,0.76615 0 16
15.93,75.3786,0.99162,0.118082,0.76732 0 16
15.94,74.9377,0.991443,0.116928,0.768469 0 16
15.95,74.4967,0.991256,0.115787,0.769599 0 16
15.96,74.0556,0.99106,0.114657,0.770708 0 16
15.97,73.6145,0.990854,0.11354,0.771797 0 16
15.98,73.1734,0.990638,0.112434,0.772867 0 16
15.99,72.7323,0.990413,0.111341,0.773918 0 16
16,72.2913,0.990178,0.110259,0.774949 0 16
16.01,71.8504,0.989933,0.109189,0.775961 0 16
16.02,71.4097,0.989678,0.108131,0.776955 0 16
16.03,70.9691,0.989412,0.107084,0.777929 0 16
16.04,70.5288,0.989136,0.106048,0.778886 0 16
16.05,70.0887,0.98885,0.105024,0.779824 0 16
16.06,69.6488,0.988552,0.104012,0.780745 0 16
16.07,69.2093,0.988244,0.10301,0.781647 0 16
16.08,68.7701,0.987925,0.10202,0.782532 0 16
16.09,68.3312,0.987594,0.101041,0.7834 0 16
16.1,67.8927,0.987252,0.100072,0.78425 0 16
16.11,67.4547,0.986897,0.0991148,0.785083 0 16
16.12,67.017,0.986531,0.0981681,0.7859 0 16
16.13,66.5798,0.986152,0.0972322,0.7867 0 16
16.14,66.143,0.985761,0.096307,0.787483 0 16
16.15,65.7068,0.985356,0.0953923,0.78825 0 16
16.16,65.2711,0.984939,0.0944882,0.789 0 15
16.17,64.8358,0.984508,0.0935946,0.789735 0 15
16.18,64.4012,0.984063,0.0927113,0.790454 0 15
16.19,63.967,0.983603,0.0918384,0.791157 0 15
16.2,63.5335,0.98313,0.0909757,0.791845 0 15
16.21,63.1006,0.982641,0.0901232,0.792517 0 15
16.22,62.6682,0.982137,0.0892809,0.793174 0 15
16.23,62.2365,0.981617,0.0884486,0.793816 0 15
16.24,61.8054,0.981082,0.0876264,0.794443 0 15
16.25,61.375,0.98053,0.0868142,0.795056 0 15
16.26,60.9452,0.979961,0.0860119,0.795653 0 15
16.27,60.516,0.979375,0.0852194,0.796236 0 15
16.28,60.0876,0.978771,0.0844367,0.796805 0 15
16.29,59.6598,0.978149,0.0836639,0.79736 0 15
16.3,59.2327,0.977508,0.0829007,0.7979 0 15
16.31,58.8063,0.976848,0.0821472,0.798427 0 15
16.32,58.3807,0.976169,0.0814033,0.79894 0 15
16.33,57.9557,0.97547,0.080669,0.799439 0 15
16.34,57.5314,0.97475,0.0799442,0.799925 0 15
16.35,57.1079,0.974009,0.079229,0.800397 0 15
16.36,56.6851,0.973247,0.0785232,0.800856 0 15
16.37,56.263,0.972462,0.0778268,0.801301 0 15
16.38,55.8416,0.971654,0.0771397,0.801734 0 15
16.39,55.421,0.970824,0.0764621,0.802153 0 15
16.4,55.0011,0.969969,0.0757937,0.80256 0 15
16.41,54.5819,0.96909,0.0751346,0.802954 0 15
16.42,54.1635,0.968186,0.0744847,0.803336 0 15
16.43,53.7458,0.967256,0.0738441,0.803705 0 15
16.44,53.3288,0.9663,0.0732127,0.804061 0 15
16.45,52.9125,0.965317,0.0725904,0.804405 0 15
16.46,52.497,0.964306,0.0719772,0.804737 0 15
16.47,52.0821,0.963267,0.0713732,0.805057 0 15
16.48,51.668,0.962199,0.0707782,0.805365 0 15
16.49,51.2545,0.961101,0.0701923,0.805661 0 15
16.5,50.8418,0.959973,0.0696154,0.805945 0 15
16.51,50.4297,0.958813,0.0690475,0.806218 0 15
16.52,50.0183,0.957621,0.0684886,0.806479 0 15
16.53,49.6075,0.956397,0.0679387,0.806728 0 15
16.54,49.1974,0.955139,0.0673978,0.806966 0 15
16.55,48.7879,0.953847,0.0668658,0.807193 0 15
16.56,48.3791,0.952519,0.0663427,0.807408 0 15
16.57,47.9708,0.951156,0.0658285,0.807612 0 15
16.58,47.5631,0.949755,0.0653233,0.807805 0 15
16.59,47.1559,0.948317,0.0648269,0.807987 0 15
16.6,46.7493,0.94684,0.0643394,0.808158 0 15
16.61,46.3432,0.945324,0.0638608,0.808319 0 15
16.62,45.9376,0.943766,0.063391,0.808468 0 15
16.63,45.5324,0.942168,0.06293,0.808607 0 15
16.64,45.1277,0.940527,0.0624779,0.808735 0 15
16.65,44.7234,0.938842,0.0620347,0.808852 0 15
16.66,44.3194,0.937113,0.0616003,0.808959 0 15
16.67,43.9158,0.935338,0.0611746,0.809056 0 15
16.68,43.5125,0.933517,0.0607579,0.809142 0 15
16.69,43.1094,0.931648,0.0603499,0.809217 0 15
16.7,42.7065,0.92973,0.0599507,0.809283 0 15
16.71,42.3038,0.927762,0.0595604,0.809338 0 15
16.72,41.9012,0.925743,0.0591789,0.809383 0 15
16.73,41.4987,0.923671,0.0588061,0.809418 0 15
16.74,41.0963,0.921546,0.0584422,0.809443 0 15
16.75,40.6937,0.919366,0.0580872,0.809458 0 15
16.76,40.2911,0.917129,0.0577409,0.809463 0 15
16.77,39.8883,0.914835,0.0574035,0.809458 0 15
16.78,39.4853,0.912482,0.0570749,0.809443 0 15
16.79,39.082,0.910069,0.0567551,0.809418 0 15
16.8,38.6784,0.907594,0.0564442,0.809384 0 15
16.81,38.2743,0.905056,0.0561422,0.809339 0 15
16.82,37.8696,0.902454,0.055849,0.809285 0 15
16.83,37.4644,0.899784,0.0555647,0.809222 0 15
16.84,37.0584,0.897047,0.0552893,0.809148 0 15
16.85,36.6517,0.894241,0.0550229,0.809065 0 15
16.86,36.244,0.891363,0.0547653,0.808973 0 15
16.87,35.8354,0.888411,0.0545167,0.80887 0 15
16.88,35.4256,0.885385,0.0542771,0.808758 0 15
16.89,35.0147,0.882283,0.0540465,0.808637 0 15
16.9,34.6023,0.879101,0.0538248,0.808506 0 15
16.91,34.1886,0.875839,0.0536123,0.808365 0 15
16.92,33.7732,0.872494,0.0534088,0.808215 0 15
16.93,33.3562,0.869064,0.0532144,0.808055 0 15
16.94,32.9372,0.865547,0.0530291,0.807886 0 15
16.95,32.5163,0.86194,0.052853,0.807707 0 15
16.96,32.0932,0.858241,0.0526861,0.807518 0 15
16.97,31.6678,0.854449,0.0525285,0.80732 0 15
16.98,31.2399,0.850559,0.0523801,0.807112 0 15
16.99,30.8094,0.846569,0.0522411,0.806895 0 15
17,30.3761,0.842478,0.0521115,0.806668 0 15
17.01,29.9398,0.838281,0.0519913,0.806431 0 15
17.02,29.5004,0.833976,0.0518807,0.806185 0 15
17.03,29.0576,0.829559,0.0517796,0.805928 0 15
17.04,28.6113,0.825029,0.0516881,0.805662 0 15
17.05,28.1612,0.82038,0.0516064,0.805386 0 15
17.06,27.7072,0.815611,0.0515344,0.8051 0 15
17.07,27.249,0.810716,0.0514723,0.804804 0 15
17.08,26.7865,0.805694,0.0514201,0.804498 0 15
17.09,26.3194,0.800539,0.0513779,0.804182 0 15
17.1,25.8475,0.795247,0.0513459,0.803856 0 15
17.11,25.3707,0.789816,0.0513241,0.80352 0 15
17.12,24.8886,0.78424,0.0513126,0.803173 0 15
17.13,24.401,0.778515,0.0513115,0.802816 0 15
17.14,23.9077,0.772636,0.051321,0.802449 0 15
17.15,23.4085,0.766599,0.0513412,0.80207 0 15
17.16,22.9032,0.7604,0.0513722,0.801682 0 15
17.17,22.3915,0.754032,0.0514141,0.801282 0 15
17.18,21.8731,0.747491,0.0514671,0.800872 0 15
17.19,21.3479,0.740772,0.0515313,0.80045 0 15
17.2,20.8156,0.733869,0.051607,0.800018 0 15
17.21,20.276,0.726777,0.0516942,0.799574 0 15
17.22,19.7289,0.71949,0.0517933,0.799119 0 15
17.23,19.174,0.712003,0.0519042,0.798653 0 15
17.24,18.6112,0.704309,0.0520273,0.798175 0 15
17.25,18.0403,0.696403,0.0521628,0.797685 0 15
17.26,17.4611,0.68828,0.0523109,0.797184 0 15
17.27,16.8734,0.679932,0.0524719,0.79667 0 15
17.28,16.2772,0.671355,0.0526459,0.796145 0 14
17.29,15.6723,0.662542,0.0528333,0.795608 0 14
17.3,15.0587,0.653489,0.0530343,0.795058 0 14
17.31,14.4364,0.644189,0.0532493,0.794496 0 14
17.32,13.8053,0.634638,0.0534786,0.793921 0 14
17.33,13.1656,0.624831,0.0537224,0.793334 0 14
17.34,12.5173,0.614763,0.0539812,0.792734 0 14
17.35,11.8607,0.604432,0.0542553,0.792121 0 14
17.36,11.1961,0.593832,0.0545451,0.791495 0 14
17.37,10.5239,0.582964,0.0548511,0.790856 0 14
17.38,9.84435,0.571824,0.0551735,0.790204 0 14
17.39,9.15817,0.560414,0.0555129,0.789539 0 14
17.4,8.46598,0.548733,0.0558697,0.78886 0 14
17.41,7.76856,0.536786,0.0562444,0.788168 0 14
17.42,7.0668,0.524575,0.0566375,0.787463 0 14
17.43,6.36174,0.512107,0.0570493,0.786745 0 14
17.44,5.65452,0.499391,0.0574805,0.786014 0 14
17.45,4.94643,0.486436,0.0579315,0.785269 0 14
17.46,4.23888,0.473255,0.0584027,0.784511 0 14
17.47,3.5334,0.459865,0.0588947,0.783741 0 14
17.48,2.83164,0.446284,0.0594078,0.782957 0 14
17.49,2.13535,0.432532,0.0599424,0.782161 0 14
17.5,1.44635,0.418634,0.060499,0.781352 0 14
17.51,0.766521,0.404616,0.0610779,0.780531 0 14
17.52,0.0977982,0.390509,0.0616793,0.779699 0 14
17.53,-0.557893,0.376345,0.0623034,0.778854 0 14
17.54,-1.19865,0.362159,0.0629503,0.777998 0 14
17.55,-1.82261,0.347988,0.0636201,0.777132 0 14
17.56,-2.42803,0.333869,0.0643128,0.776254 0 14
17.57,-3.01327,0.319843,0.0650281,0.775367 0 14
17.58,-3.57686,0.30595,0.0657659,0.77447 0 14
17.59,-4.1175,0.292229,0.0665258,0.773563 0 14
17.6,-4.6341,0.278721,0.0673074,0.772648 0 14
17.61,-5.12581,0.265462,0.0681101,0.771725 0 14
17.62,-5.592,0.25249,0.0689332,0.770794 0 14
17.63,-6.0323,0.239837,0.0697762,0.769856 0 14
17.64,-6.44655,0.227533,0.0706381,0.768912 0 14
17.65,-6.83485,0.215606,0.0715181,0.767961 0 14
17.66,-7.19752,0.204078,0.0724152,0.767004 0 14
17.67,-7.53506,0.192968,0.0733287,0.766043 0 14
17.68,-7.84815,0.182292,0.0742573,0.765076 0 13
17.69,-8.13765,0.17206,0.0752003,0.764106 0 13
17.7,-8.4045,0.16228,0.0761564,0.763132 0 13
17.71,-8.64978,0.152953,0.0771249,0.762155 0 13
17.72,-8.87463,0.144081,0.0781046,0.761175 0 13
17.73,-9.08022,0.135659,0.0790947,0.760192 0 13
17.74,-9.26777,0.127681,0.0800942,0.759207 0 13
17.75,-9.43849,0.120139,0.0811022,0.758221 0 13
17.76,-9.5936,0.11302,0.0821179,0.757233 0 14
17.77,-9.73426,0.106313,0.0831406,0.756244 0 14
17.78,-9.86161,0.100003,0.0841694,0.755254 0 14
17.79,-9.97676,0.0940757,0.0852037,0.754263 0 14
17.8,-10.0807,0.0885145,0.0862429,0.753272 0 14
17.81,-10.1745,0.0833033,0.0872864,0.752281 0 14
17.82,-10.259,0.0784252,0.0883335,0.75129 0 14
17.83,-10.3351,0.0738636,0.0893839,0.750299 0 14
17.84,-10.4036,0.0696017,0.0904371,0.749308 0 14
17.85,-10.4652,0.0656231,0.0914926,0.748317 0 14
17.86,-10.5206,0.0619119,0.09255,0.747328 0 14
17.87,-10.5704,0.0584523,0.0936091,0.746339 0 14
17.88,-10.6152,0.0552294,0.0946695,0.745351 0 14
17.89,-10.6554,0.0522285,0.095731,0.744363 0 14
17.9,-10.6916,0.0494358,0.0967932,0.743377 0 14
17.91,-10.7241,0.0468381,0.097856,0.742391 0 14
17.92,-10.7534,0.0444228,0.0989192,0.741407 0 14
17.93,-10.7798,0.0421778,0.0999825,0.740424 0 14
17.94,-10.8036,0.0400919,0.101046,0.739442 0 14
17.95,-10.8251,0.0381543,0.102109,0.738462 0 14
17.96,-10.8445,0.0363551,0.103172,0.737482 0 14
17.97,-10.8621,0.0346848,0.104235,0.736504 0 14
17.98,-10.878,0.0331344,0.105297,0.735528 0 14
17.99,-10.8924,0.0316957,0.106358,0.734553 0 14
18,-10.9056,0.0303608,0.107419,0.733579 0 14
18.01,-10.9176,0.0291225,0.108479,0.732607 0 14
18.02,-10.9286,0.0279739,0.109539,0.731636 0 14
18.03,-10.9387,0.0269087,0.110597,0.730666 0 14
18.04,-10.9479,0.0259209,0.111655,0.729698 0 14
18.05,-10.9565,0.025005,0.112712,0.728732 0 14
18.06,-10.9644,0.0241559,0.113767,0.727767 0 14
18.07,-10.9717,0.0233686,0.114822,0.726804 0 14
18.08,-10.9786,0.0226388,0.115876,0.725842 0 14
18.09,-10.9851,0.0219623,0.116928,0.724882 0 14
18.1,-10.9912,0.0213352,0.11798,0.723923 0 14
18.11,-10.9969,0.020754,0.11903,0.722966 0 14
18.12,-11.0024,0.0202152,0.12008,0.72201 0 14
18.13,-11.0076,0.0197159,0.121128,0.721056 0 14
18.14,-11.0126,0.019253,0.122175,0.720103 0 14
18.15,-11.0175,0.0188239,0.123221,0.719152 0 14
18.16,-11.0222,0.0184262,0.124265,0.718203 0 14
18.17,-11.0267,0.0180576,0.125309,0.717255 0 14
18.18,-11.0312,0.0177158,0.126351,0.716308 0 14
18.19,-11.0356,0.0173989,0.127392,0.715364 0 14
18.2,-11.0399,0.0171052,0.128432,0.71442 0 14
18.21,-11.0442,0.0168328,0.129471,0.713479 0 14
18.22,-11.0484,0.0165801,0.130508,0.712539 0 14
18.23,-11.0527,0.0163458,0.131545,0.7116 0 14
18.24,-11.0569,0.0161284,0.13258,0.710663 0 14
18.25,-11.0612,0.0159267,0.133614,0.709727 0 14
18.26,-11.0655,0.0157396,0.134646,0.708793 0 14
18.27,-11.0698,0.0155659,0.135678,0.707861 0 14
18.28,-11.0741,0.0154046,0.136708,0.70693 0 14
18.29,-11.0785,0.0152548,0.137737,0.706001 0 14
18.3,-11.083,0.0151156,0.138765,0.705073 0 14
18.31,-11.0875,0.0149863,0.139792,0.704146 0 14
18.32,-11.0921,0.014866,0.140818,0.703222 0 14
18.33,-11.0967,0.0147542,0.141842,0.702298 0 14
18.34,-11.1015,0.0146501,0.142866,0.701376 0 14
18.35,-11.1063,0.0145532,0.143888,0.700456 0 14
18.36,-11.1113,0.0144629,0.144909,0.699537 0 14
18.37,-11.1163,0.0143788,0.145929,0.69862 0 14
18.38,-11.1214,0.0143003,0.146948,0.697704 0 14
18.39,-11.1267,0.014227,0.147965,0.69679 0 14
18.4,-11.132,0.0141586,0.148982,0.695877 0 14
18.41,-11.1375,0.0140946,0.149997,0.694966 0 14
18.42,-11.1431,0.0140346,0.151011,0.694056 0 14
18.43,-11.1488,0.0139785,0.152025,0.693147 0 14
18.44,-11.1547,0.0139258,0.153037,0.69224 0 14
18.45,-11.1607,0.0138763,0.154048,0.691335 0 14
18.46,-11.1668,0.0138298,0.155058,0.690431 0 14
18.47,-11.173,0.0137859,0.156066,0.689528 0 14
18.48,-11.1794,0.0137446,0.157074,0.688627 0 14
18.49,-11.186,0.0137055,0.158081,0.687727 0 14
18.5,-11.1927,0.0136685,0.159087,0.686829 0 14
18.51,-11.1995,0.0136335,0.160091,0.685932 0 14
18.52,-11.2065,0.0136002,0.161095,0.685037 0 14
18.53,-11.2137,0.0135685,0.162098,0.684143 0 14
18.54,-11.221,0.0135382,0.163099,0.68325 0 14
18.55,-11.2285,0.0135093,0.1641,0.682359 0 14
18.56,-11.2362,0.0134816,0.1651,0.681469 0 14
18.57,-11.244,0.013455,0.166098,0.680581 0 14
18.58,-11.252,0.0134295,0.167096,0.679694 0 14
18.59,-11.2602,0.0134048,0.168093,0.678808 0 16
18.6,-11.2685,0.0133809,0.169089,0.677924 0 16
18.61,-11.277,0.0133577,0.170084,0.677041 0 15
18.62,-11.2858,0.0133353,0.171078,0.67616 0 15
18.63,-11.2947,0.0133134,0.172071,0.675279 0 16
18.64,-11.3038,0.013292,0.173063,0.674401 0 16
18.65,-11.3131,0.013271,0.174054,0.673523 0 15
18.66,-11.3225,0.0132505,0.175045,0.672647 0 16
18.67,-11.3322,0.0132303,0.176034,0.671772 0 16
18.68,-11.3421,0.0132104,0.177023,0.670899 0 16
18.69,-11.3522,0.0131907,0.178011,0.670027 0 16
18.7,-11.3625,0.0131712,0.178998,0.669156 0 16
18.71,-11.373,0.0131519,0.179984,0.668287 0 16
18.72,-11.3838,0.0131328,0.180969,0.667418 0 16
18.73,-11.3947,0.0131137,0.181954,0.666552 0 16
18.74,-11.4059,0.0130946,0.182937,0.665686 0 16
18.75,-11.4173,0.0130756,0.18392,0.664822 0 16
18.76,-11.4289,0.0130566,0.184903,0.663959 0 16
18.77,-11.4408,0.0130376,0.185884,0.663097 0 16
18.78,-11.4529,0.0130185,0.186865,0.662237 0 16
18.79,-11.4653,0.0129993,0.187845,0.661378 0 16
18.8,-11.4778,0.01298,0.188824,0.66052 0 16
18.81,-11.4907,0.0129606,0.189803,0.659663 0 16
18.82,-11.5038,0.0129411,0.190781,0.658808 0 16
18.83,-11.5171,0.0129214,0.191758,0.657953 0 16
18.84,-11.5307,0.0129015,0.192735,0.6571 0 16
18.85,-11.5446,0.0128814,0.193711,0.656249 0 16
18.86,-11.5587,0.0128612,0.194686,0.655398 0 16
18.87,-11.5731,0.0128406,0.195661,0.654549 0 16
18.88,-11.5878,0.0128199,0.196635,0.653701 0 16
18.89,-11.6028,0.0127989,0.197608,0.652854 0 16
18.9,-11.6181,0.0127776,0.198581,0.652008 0 16
18.91,-11.6336,0.012756,0.199554,0.651164 0 16
18.92,-11.6495,0.0127342,0.200525,0.65032 0 16
18.93,-11.6656,0.012712,0.201497,0.649478 0 16
18.94,-11.6821,0.0126896,0.202468,0.648637 0 16
18.95,-11.6989,0.0126668,0.203438,0.647797 0 16
18.96,-11.716,0.0126436,0.204408,0.646958 0 16
18.97,-11.7334,0.0126202,0.205377,0.646121 0 16
18.98,-11.7512,0.0125963,0.206346,0.645284 0 16
18.99,-11.7693,0.0125721,0.207315,0.644449 0 16
19,-11.7878,0.0125475,0.208283,0.643615 0 16
19.01,-11.8066,0.0125226,0.20925,0.642782 0 16
19.02,-11.8257,0.0124972,0.210218,0.64195 0 16
19.03,-11.8453,0.0124714,0.211185,0.641119 0 16
19.04,-11.8652,0.0124453,0.212152,0.640289 0 16
19.05,-11.8854,0.0124187,0.213118,0.63946 0 16
19.06,-11.9061,0.0123916,0.214084,0.638632 0 16
19.07,-11.9272,0.0123641,0.21505,0.637806 0 16
19.08,-11.9486,0.0123362,0.216015,0.63698 0 16
19.09,-11.9705,0.0123078,0.216981,0.636155 0 16
19.1,-11.9928,0.012279,0.217946,0.635332 0 16
19.11,-12.0155,0.0122497,0.218911,0.634509 0 16
19.12,-12.0387,0.0122199,0.219875,0.633687 0 16
19.13,-12.0623,0.0121896,0.22084,0.632867 0 16
19.14,-12.0863,0.0121588,0.221805,0.632047 0 16
19.15,-12.1108,0.0121275,0.222769,0.631229 0 16
19.16,-12.1358,0.0120957,0.223733,0.630411 0 16
19.17,-12.1612,0.0120633,0.224697,0.629594 0 16
19.18,-12.1872,0.0120305,0.225662,0.628779 0 16
19.19,-12.2136,0.011997,0.226626,0.627964 0 16
19.2,-12.2405,0.0119631,0.22759,0.62715 0 16
19.21,-12.268,0.0119285,0.228554,0.626337 0 16
19.22,-12.296,0.0118935,0.229519,0.625525 0 16
19.23,-12.3245,0.0118578,0.230483,0.624714 0 16
19.24,-12.3536,0.0118215,0.231448,0.623903 0 16
19.25,-12.3832,0.0117847,0.232413,0.623094 0 16
19.26,-12.4134,0.0117472,0.233377,0.622285 0 16
19.27,-12.4442,0.0117092,0.234343,0.621478 0 16
19.28,-12.4755,0.0116705,0.235308,0.620671 0 16
19.29,-12.5075,0.0116312,0.236274,0.619865 0 16
19.3,-12.5401,0.0115912,0.23724,0.61906 0 16
19.31,-12.5733,0.0115506,0.238206,0.618255 0 16
19.32,-12.6072,0.0115094,0.239172,0.617451 0 16
19.33,-12.6417,0.0114675,0.24014,0.616649 0 16
19.34,-12.6769,0.0114249,0.241107,0.615846 0 16
19.35,-12.7127,0.0113816,0.242075,0.615045 0 16
19.36,-12.7493,0.0113377,0.243043,0.614244 0 16
19.37,-12.7865,0.011293,0.244012,0.613445 0 16
19.38,-12.8245,0.0112477,0.244982,0.612645 0 16
19.39,-12.8633,0.0112016,0.245952,0.611847 0 16
19.4,-12.9028,0.0111548,0.246923,0.611049 0 16
19.41,-12.943,0.0111072,0.247894,0.610252 0 16
19.42,-12.9841,0.0110589,0.248867,0.609455 0 16
19.43,-13.0259,0.0110099,0.24984,0.60866 0 16
19.44,-13.0686,0.0109601,0.250814,0.607864 0 16
19.45,-13.1121,0.0109095,0.251788,0.60707 0 16
19.46,-13.1564,0.0108582,0.252764,0.606276 0 16
19.47,-13.2017,0.010806,0.25374,0.605482 0 16
19.48,-13.2478,0.0107531,0.254718,0.604689 0 16
19.49,-13.2948,0.0106993,0.255696,0.603897 0 16
19.5,-13.3428,0.0106447,0.256676,0.603105 0 16
19.51,-13.3917,0.0105893,0.257657,0.602314 0 16
19.52,-13.4415,0.0105331,0.258638,0.601523 0 16
19.53,-13.4924,0.010476,0.259622,0.600733 0 16
19.54,-13.5443,0.0104181,0.260606,0.599943 0 16
19.55,-13.5972,0.0103592,0.261592,0.599153 0 16
19.56,-13.6512,0.0102996,0.262579,0.598364 0 16
19.57,-13.7062,0.010239,0.263567,0.597576 0 16
19.58,-13.7624,0.0101776,0.264557,0.596787 0 16
19.59,-13.8197,0.0101152,0.265549,0.595999 0 16
19.6,-13.8781,0.010052,0.266542,0.595212 0 16
19.61,-13.9377,0.00998781,0.267537,0.594425 0 16
19.62,-13.9986,0.00992272,0.268534,0.593638 0 16
19.63,-14.0606,0.00985671,0.269532,0.592851 0 16
19.64,-14.124,0.00978975,0.270533,0.592065 0 16
19.65,-14.1886,0.00972184,0.271535,0.591279 0 16
19.66,-14.2545,0.00965298,0.272539,0.590493 0 16
19.67,-14.3218,0.00958316,0.273545,0.589707 0 16
19.68,-14.3904,0.00951237,0.274554,0.588921 0 16
19.69,-14.4605,0.0094406,0.275565,0.588136 0 16
19.7,-14.532,0.00936786,0.276578,0.587351 0 16
19.71,-14.605,0.00929412,0.277593,0.586566 0 16
19.72,-14.6796,0.00921938,0.278611,0.58578 0 16
19.73,-14.7556,0.00914365,0.279631,0.584995 0 16
19.74,-14.8333,0.00906691,0.280655,0.58421 0 16
19.75,-14.9126,0.00898915,0.28168,0.583425 0 16
19.76,-14.9935,0.00891038,0.282709,0.58264 0 16
19.77,-15.0762,0.00883059,0.28374,0.581855 0 16
19.78,-15.1605,0.00874977,0.284775,0.58107 0 16
19.79,-15.2467,0.00866792,0.285813,0.580285 0 16
19.8,-15.3347,0.00858504,0.286854,0.5795 0 16
19.81,-15.4246,0.00850113,0.287898,0.578714 0 16
19.82,-15.5164,0.00841617,0.288945,0.577928 0 16
19.83,-15.6102,0.00833018,0.289996,0.577142 0 16
19.84,-15.706,0.00824316,0.291051,0.576356 0 16
19.85,-15.8039,0.00815509,0.29211,0.575569 0 16
19.86,-15.9038,0.00806598,0.293172,0.574783 0 16
19.87,-16.006,0.00797583,0.294238,0.573995 0 16
19.88,-16.1104,0.00788465,0.295309,0.573208 0 16
19.89,-16.2171,0.00779243,0.296384,0.57242 0 16
19.9,-16.3261,0.00769919,0.297463,0.571631 0 16
19.91,-16.4375,0.00760492,0.298547,0.570842 0 16
19.92,-16.5514,0.00750963,0.299635,0.570053 0 16
19.93,-16.6678,0.00741332,0.300729,0.569263 0 16
19.94,-16.7868,0.00731601,0.301827,0.568472 0 16
19.95,-16.9085,0.00721769,0.302931,0.567681 0 16
19.96,-17.0329,0.00711839,0.304039,0.566889 0 16
19.97,-17.1602,0.00701811,0.305154,0.566096 0 16
19.98,-17.2903,0.00691687,0.306274,0.565303 0 16
19.99,-17.4234,0.00681467,0.3074,0.564509 0 16
